game_pk,home_team,away_team,home_flg,away_flg
745444,San Diego Padres,Los Angeles Dodgers,0,0
746175,Los Angeles Dodgers,San Diego Padres,1,1
747060,Baltimore Orioles,Los Angeles Angels,1,1
746737,Cincinnati Reds,Washington Nationals,0,0
745445,San Diego Padres,San Francisco Giants,0,0
746165,Los Angeles Dodgers,St. Louis Cardinals,1,0
745116,Tampa Bay Rays,Toronto Blue Jays,1,0
746335,Kansas City Royals,Minnesota Twins,1,1
746821,Chicago White Sox,Detroit Tigers,0,0
746089,Miami Marlins,Pittsburgh Pirates,0,0
746418,Houston Astros,New York Yankees,1,0
745039,Texas Rangers,Chicago Cubs,0,0
745687,Oakland Athletics,Cleveland Guardians,0,0
747224,Arizona Diamondbacks,Colorado Rockies,1,0
745283,Seattle Mariners,Boston Red Sox,0,0
745848,New York Mets,Milwaukee Brewers,0,0
745604,Philadelphia Phillies,Atlanta Braves,0,0
745117,Tampa Bay Rays,Toronto Blue Jays,0,0
746091,Miami Marlins,Pittsburgh Pirates,0,0
746412,Houston Astros,New York Yankees,1,0
747223,Arizona Diamondbacks,Colorado Rockies,1,0
745682,Oakland Athletics,Cleveland Guardians,0,1
745276,Seattle Mariners,Boston Red Sox,0,0
745435,San Diego Padres,San Francisco Giants,0,1
746167,Los Angeles Dodgers,St. Louis Cardinals,1,0
745850,New York Mets,Milwaukee Brewers,0,1
746818,Chicago White Sox,Detroit Tigers,1,1
747063,Baltimore Orioles,Los Angeles Angels,1,0
745599,Philadelphia Phillies,Atlanta Braves,1,1
745684,Oakland Athletics,Cleveland Guardians,0,0
746736,Cincinnati Reds,Washington Nationals,0,0
745119,Tampa Bay Rays,Toronto Blue Jays,0,0
746333,Kansas City Royals,Minnesota Twins,0,0
746087,Miami Marlins,Pittsburgh Pirates,0,0
745037,Texas Rangers,Chicago Cubs,0,0
745436,San Diego Padres,San Francisco Giants,0,0
746410,Houston Astros,New York Yankees,0,0
747221,Arizona Diamondbacks,Colorado Rockies,1,0
746168,Los Angeles Dodgers,St. Louis Cardinals,0,0
745278,Seattle Mariners,Boston Red Sox,1,0
747062,Baltimore Orioles,Los Angeles Angels,0,1
745602,Philadelphia Phillies,Atlanta Braves,1,1
746739,Cincinnati Reds,Washington Nationals,0,0
745115,Tampa Bay Rays,Toronto Blue Jays,1,1
746090,Miami Marlins,Pittsburgh Pirates,1,0
745845,New York Mets,Milwaukee Brewers,0,1
746332,Kansas City Royals,Minnesota Twins,1,0
746815,Chicago White Sox,Detroit Tigers,0,0
746413,Houston Astros,New York Yankees,0,0
745035,Texas Rangers,Chicago Cubs,0,1
745683,Oakland Athletics,Cleveland Guardians,1,0
747222,Arizona Diamondbacks,Colorado Rockies,1,0
745279,Seattle Mariners,Boston Red Sox,0,0
745438,San Diego Padres,San Francisco Giants,1,0
746166,Los Angeles Dodgers,St. Louis Cardinals,0,0
746899,Chicago Cubs,Colorado Rockies,0,0
744875,Washington Nationals,Pittsburgh Pirates,0,0
747058,Baltimore Orioles,Kansas City Royals,0,0
745600,Philadelphia Phillies,Cincinnati Reds,1,0
746085,Miami Marlins,Los Angeles Angels,1,0
745109,Tampa Bay Rays,Texas Rangers,0,1
745842,New York Mets,Detroit Tigers,0,0
746409,Houston Astros,Toronto Blue Jays,1,0
745675,Oakland Athletics,Boston Red Sox,0,1
745277,Seattle Mariners,Cleveland Guardians,0,0
745437,San Diego Padres,St. Louis Cardinals,0,1
747218,Arizona Diamondbacks,New York Yankees,0,0
746170,Los Angeles Dodgers,San Francisco Giants,1,0
746009,Milwaukee Brewers,Minnesota Twins,0,0
747057,Baltimore Orioles,Kansas City Royals,0,0
745598,Philadelphia Phillies,Cincinnati Reds,1,0
746086,Miami Marlins,Los Angeles Angels,0,0
745111,Tampa Bay Rays,Texas Rangers,0,0
746898,Chicago Cubs,Colorado Rockies,1,0
746814,Chicago White Sox,Atlanta Braves,0,0
746411,Houston Astros,Toronto Blue Jays,0,0
745680,Oakland Athletics,Boston Red Sox,0,1
745273,Seattle Mariners,Cleveland Guardians,0,0
745439,San Diego Padres,St. Louis Cardinals,0,0
747220,Arizona Diamondbacks,New York Yankees,1,0
746169,Los Angeles Dodgers,San Francisco Giants,1,0
747059,Baltimore Orioles,Kansas City Royals,0,1
745114,Tampa Bay Rays,Texas Rangers,0,0
746083,Miami Marlins,Los Angeles Angels,0,1
746008,Milwaukee Brewers,Minnesota Twins,0,0
745678,Oakland Athletics,Boston Red Sox,0,0
747219,Arizona Diamondbacks,New York Yankees,0,0
745603,Philadelphia Phillies,Cincinnati Reds,0,0
745275,Seattle Mariners,Cleveland Guardians,0,1
745440,San Diego Padres,St. Louis Cardinals,1,0
744869,Washington Nationals,Pittsburgh Pirates,0,0
746900,Chicago Cubs,Colorado Rockies,0,0
746407,Houston Astros,Toronto Blue Jays,0,0
746163,Los Angeles Dodgers,San Francisco Giants,0,0
745844,New York Mets,Detroit Tigers,0,0
745843,New York Mets,Detroit Tigers,0,0
744870,Washington Nationals,Pittsburgh Pirates,0,1
745928,Minnesota Twins,Cleveland Guardians,0,0
745200,St. Louis Cardinals,Miami Marlins,0,0
746327,Kansas City Royals,Chicago White Sox,0,0
745764,New York Yankees,Toronto Blue Jays,0,0
746497,Detroit Tigers,Oakland Athletics,0,0
746897,Chicago Cubs,Los Angeles Dodgers,0,1
746576,Colorado Rockies,Tampa Bay Rays,1,1
745524,Pittsburgh Pirates,Baltimore Orioles,0,0
745361,San Francisco Giants,San Diego Padres,1,1
746733,Cincinnati Reds,New York Mets,1,0
744874,Washington Nationals,Philadelphia Phillies,0,0
747143,Atlanta Braves,Arizona Diamondbacks,1,1
746328,Kansas City Royals,Chicago White Sox,1,0
745033,Texas Rangers,Houston Astros,0,0
746007,Milwaukee Brewers,Seattle Mariners,0,0
746249,Los Angeles Angels,Boston Red Sox,0,0
746498,Detroit Tigers,Oakland Athletics,0,1
745926,Minnesota Twins,Cleveland Guardians,1,0
745197,St. Louis Cardinals,Miami Marlins,0,0
746896,Chicago Cubs,Los Angeles Dodgers,0,0
745522,Pittsburgh Pirates,Baltimore Orioles,0,0
744873,Washington Nationals,Philadelphia Phillies,0,0
746731,Cincinnati Reds,New York Mets,0,0
745031,Texas Rangers,Houston Astros,0,0
745766,New York Yankees,Toronto Blue Jays,1,0
746329,Kansas City Royals,Chicago White Sox,0,0
746006,Milwaukee Brewers,Seattle Mariners,0,0
747140,Atlanta Braves,Arizona Diamondbacks,0,1
746575,Colorado Rockies,Tampa Bay Rays,0,1
745359,San Francisco Giants,San Diego Padres,0,1
746248,Los Angeles Angels,Boston Red Sox,0,0
745523,Pittsburgh Pirates,Baltimore Orioles,0,0
744871,Washington Nationals,Philadelphia Phillies,0,0
747141,Atlanta Braves,Arizona Diamondbacks,0,0
745765,New York Yankees,Toronto Blue Jays,0,0
746734,Cincinnati Reds,New York Mets,0,1
746493,Detroit Tigers,Oakland Athletics,0,1
746330,Kansas City Royals,Chicago White Sox,0,0
746003,Milwaukee Brewers,Seattle Mariners,1,1
745198,St. Louis Cardinals,Miami Marlins,0,1
746895,Chicago Cubs,Los Angeles Dodgers,1,0
746574,Colorado Rockies,Tampa Bay Rays,0,0
745362,San Francisco Giants,San Diego Padres,0,1
746251,Los Angeles Angels,Boston Red Sox,0,0
745032,Texas Rangers,Houston Astros,0,0
746654,Cleveland Guardians,Chicago White Sox,0,0
745761,New York Yankees,Miami Marlins,0,0
745520,Pittsburgh Pirates,Detroit Tigers,0,1
746735,Cincinnati Reds,Milwaukee Brewers,0,0
744956,Toronto Blue Jays,Seattle Mariners,0,0
747142,Atlanta Braves,New York Mets,0,0
745925,Minnesota Twins,Los Angeles Dodgers,0,1
745194,St. Louis Cardinals,Philadelphia Phillies,0,0
745034,Texas Rangers,Houston Astros,1,1
746569,Colorado Rockies,Arizona Diamondbacks,1,0
746252,Los Angeles Angels,Tampa Bay Rays,1,0
745432,San Diego Padres,Chicago Cubs,0,0
745363,San Francisco Giants,Washington Nationals,1,0
745517,Pittsburgh Pirates,Detroit Tigers,0,1
746981,Boston Red Sox,Baltimore Orioles,1,0
746653,Cleveland Guardians,Chicago White Sox,1,1
746732,Cincinnati Reds,Milwaukee Brewers,0,0
745762,New York Yankees,Miami Marlins,0,0
744957,Toronto Blue Jays,Seattle Mariners,0,0
747138,Atlanta Braves,New York Mets,1,0
746326,Kansas City Royals,Houston Astros,0,1
745924,Minnesota Twins,Los Angeles Dodgers,0,0
745195,St. Louis Cardinals,Philadelphia Phillies,0,0
745030,Texas Rangers,Oakland Athletics,1,0
746571,Colorado Rockies,Arizona Diamondbacks,1,1
746250,Los Angeles Angels,Tampa Bay Rays,1,0
745357,San Francisco Giants,Washington Nationals,0,0
745433,San Diego Padres,Chicago Cubs,0,0
745923,Minnesota Twins,Los Angeles Dodgers,1,1
745196,St. Louis Cardinals,Philadelphia Phillies,0,1
744950,Toronto Blue Jays,Seattle Mariners,0,0
746573,Colorado Rockies,Arizona Diamondbacks,1,1
745355,San Francisco Giants,Washington Nationals,0,0
746247,Los Angeles Angels,Tampa Bay Rays,0,1
746655,Cleveland Guardians,Chicago White Sox,0,1
745429,San Diego Padres,Chicago Cubs,0,0
746728,Cincinnati Reds,Milwaukee Brewers,0,1
745763,New York Yankees,Miami Marlins,0,0
746980,Boston Red Sox,Baltimore Orioles,0,0
746323,Kansas City Royals,Houston Astros,0,0
745024,Texas Rangers,Oakland Athletics,1,1
747137,Atlanta Braves,New York Mets,0,1
746322,Kansas City Royals,Houston Astros,1,0
745029,Texas Rangers,Oakland Athletics,0,0
745601,Philadelphia Phillies,Pittsburgh Pirates,0,0
746977,Boston Red Sox,Baltimore Orioles,1,0
746491,Detroit Tigers,Minnesota Twins,1,0
745596,Philadelphia Phillies,Pittsburgh Pirates,0,0
745112,Tampa Bay Rays,San Francisco Giants,0,0
747055,Baltimore Orioles,Milwaukee Brewers,0,0
744954,Toronto Blue Jays,Colorado Rockies,1,0
746978,Boston Red Sox,Los Angeles Angels,0,1
745838,New York Mets,Kansas City Royals,0,0
746084,Miami Marlins,Atlanta Braves,0,1
746812,Chicago White Sox,Cincinnati Reds,0,1
746408,Houston Astros,Texas Rangers,1,1
745679,Oakland Athletics,Washington Nationals,0,0
745274,Seattle Mariners,Chicago Cubs,0,0
747217,Arizona Diamondbacks,St. Louis Cardinals,0,1
746162,Los Angeles Dodgers,San Diego Padres,1,1
746656,Cleveland Guardians,New York Yankees,0,0
746658,Cleveland Guardians,New York Yankees,0,1
746489,Detroit Tigers,Minnesota Twins,1,0
746490,Detroit Tigers,Minnesota Twins,0,1
745839,New York Mets,Kansas City Royals,1,1
746811,Chicago White Sox,Cincinnati Reds,0,0
744953,Toronto Blue Jays,Colorado Rockies,1,0
746405,Houston Astros,Texas Rangers,0,1
745594,Philadelphia Phillies,Pittsburgh Pirates,1,1
747054,Baltimore Orioles,Milwaukee Brewers,1,0
745676,Oakland Athletics,Washington Nationals,0,0
746979,Boston Red Sox,Los Angeles Angels,1,0
745110,Tampa Bay Rays,San Francisco Giants,0,1
746082,Miami Marlins,Atlanta Braves,1,0
747215,Arizona Diamondbacks,St. Louis Cardinals,1,0
746161,Los Angeles Dodgers,San Diego Padres,0,0
745272,Seattle Mariners,Chicago Cubs,0,0
746975,Boston Red Sox,Los Angeles Angels,1,0
745595,Philadelphia Phillies,Pittsburgh Pirates,0,0
747056,Baltimore Orioles,Milwaukee Brewers,1,1
744952,Toronto Blue Jays,Colorado Rockies,1,0
745841,New York Mets,Kansas City Royals,0,0
745113,Tampa Bay Rays,San Francisco Giants,1,1
746492,Detroit Tigers,Minnesota Twins,0,0
746079,Miami Marlins,Atlanta Braves,0,0
746648,Cleveland Guardians,New York Yankees,0,0
746404,Houston Astros,Texas Rangers,1,0
746810,Chicago White Sox,Cincinnati Reds,0,0
745681,Oakland Athletics,Washington Nationals,0,0
745271,Seattle Mariners,Chicago Cubs,0,1
747216,Arizona Diamondbacks,St. Louis Cardinals,0,0
746164,Los Angeles Dodgers,San Diego Padres,0,0
746974,Boston Red Sox,Cleveland Guardians,0,0
747053,Baltimore Orioles,Minnesota Twins,1,0
746488,Detroit Tigers,Texas Rangers,0,0
745597,Philadelphia Phillies,Colorado Rockies,0,0
746080,Miami Marlins,San Francisco Giants,0,0
745106,Tampa Bay Rays,Los Angeles Angels,0,0
744951,Toronto Blue Jays,New York Yankees,0,0
745840,New York Mets,Pittsburgh Pirates,0,0
746813,Chicago White Sox,Kansas City Royals,0,0
746002,Milwaukee Brewers,San Diego Padres,1,0
746406,Houston Astros,Atlanta Braves,1,0
747213,Arizona Diamondbacks,Chicago Cubs,0,0
745677,Oakland Athletics,St. Louis Cardinals,0,1
745268,Seattle Mariners,Cincinnati Reds,1,0
746158,Los Angeles Dodgers,Washington Nationals,1,1
746486,Detroit Tigers,Texas Rangers,0,0
747051,Baltimore Orioles,Minnesota Twins,0,0
745593,Philadelphia Phillies,Colorado Rockies,1,0
746081,Miami Marlins,San Francisco Giants,0,0
745108,Tampa Bay Rays,Los Angeles Angels,0,0
744944,Toronto Blue Jays,New York Yankees,0,0
746976,Boston Red Sox,Cleveland Guardians,0,0
745837,New York Mets,Pittsburgh Pirates,0,0
746004,Milwaukee Brewers,San Diego Padres,1,1
746400,Houston Astros,Atlanta Braves,0,0
747214,Arizona Diamondbacks,Chicago Cubs,0,0
745270,Seattle Mariners,Cincinnati Reds,0,0
745674,Oakland Athletics,St. Louis Cardinals,0,0
746157,Los Angeles Dodgers,Washington Nationals,1,0
746076,Miami Marlins,San Francisco Giants,0,0
747049,Baltimore Orioles,Minnesota Twins,1,0
745836,New York Mets,Pittsburgh Pirates,0,0
746487,Detroit Tigers,Texas Rangers,0,1
746005,Milwaukee Brewers,San Diego Padres,0,0
746401,Houston Astros,Atlanta Braves,1,0
746807,Chicago White Sox,Kansas City Royals,0,0
746809,Chicago White Sox,Kansas City Royals,0,0
744948,Toronto Blue Jays,New York Yankees,0,0
746159,Los Angeles Dodgers,Washington Nationals,0,1
745671,Oakland Athletics,St. Louis Cardinals,0,0
747212,Arizona Diamondbacks,Chicago Cubs,1,0
745267,Seattle Mariners,Cincinnati Reds,0,0
745591,Philadelphia Phillies,Colorado Rockies,1,1
745105,Tampa Bay Rays,Los Angeles Angels,0,1
746973,Boston Red Sox,Cleveland Guardians,0,0
745104,Tampa Bay Rays,Los Angeles Angels,1,0
746485,Detroit Tigers,Texas Rangers,0,1
746970,Boston Red Sox,Cleveland Guardians,1,0
745356,San Francisco Giants,Arizona Diamondbacks,0,0
746892,Chicago Cubs,Miami Marlins,1,0
746729,Cincinnati Reds,Los Angeles Angels,0,0
745518,Pittsburgh Pirates,Boston Red Sox,0,1
745592,Philadelphia Phillies,Chicago White Sox,1,0
744872,Washington Nationals,Houston Astros,0,0
745758,New York Yankees,Tampa Bay Rays,0,0
746650,Cleveland Guardians,Oakland Athletics,0,1
747136,Atlanta Braves,Texas Rangers,1,1
746325,Kansas City Royals,Baltimore Orioles,0,0
745922,Minnesota Twins,Detroit Tigers,1,1
745189,St. Louis Cardinals,Milwaukee Brewers,0,0
745430,San Diego Padres,Toronto Blue Jays,0,1
746160,Los Angeles Dodgers,New York Mets,0,0
745352,San Francisco Giants,Arizona Diamondbacks,0,0
745760,New York Yankees,Tampa Bay Rays,0,0
745921,Minnesota Twins,Detroit Tigers,0,0
745190,St. Louis Cardinals,Milwaukee Brewers,1,1
746893,Chicago Cubs,Miami Marlins,0,0
746891,Chicago Cubs,Miami Marlins,1,0
744865,Washington Nationals,Houston Astros,1,1
746156,Los Angeles Dodgers,New York Mets,1,1
745515,Pittsburgh Pirates,Boston Red Sox,0,1
745354,San Francisco Giants,Arizona Diamondbacks,1,1
745590,Philadelphia Phillies,Chicago White Sox,0,0
746651,Cleveland Guardians,Oakland Athletics,1,0
746726,Cincinnati Reds,Los Angeles Angels,1,1
746324,Kansas City Royals,Baltimore Orioles,0,0
747135,Atlanta Braves,Texas Rangers,0,0
746570,Colorado Rockies,Seattle Mariners,0,0
745431,San Diego Padres,Toronto Blue Jays,0,1
744866,Washington Nationals,Houston Astros,1,0
745514,Pittsburgh Pirates,Boston Red Sox,1,0
745588,Philadelphia Phillies,Chicago White Sox,1,1
745759,New York Yankees,Tampa Bay Rays,1,0
746727,Cincinnati Reds,Los Angeles Angels,0,0
746652,Cleveland Guardians,Oakland Athletics,0,0
746316,Kansas City Royals,Baltimore Orioles,0,0
745920,Minnesota Twins,Detroit Tigers,0,1
745192,St. Louis Cardinals,Milwaukee Brewers,0,0
746894,Chicago Cubs,Miami Marlins,0,0
746568,Colorado Rockies,Seattle Mariners,0,0
746572,Colorado Rockies,Seattle Mariners,1,0
745353,San Francisco Giants,Arizona Diamondbacks,0,0
746154,Los Angeles Dodgers,New York Mets,0,0
745434,San Diego Padres,Toronto Blue Jays,1,0
747133,Atlanta Braves,Texas Rangers,1,0
745757,New York Yankees,Oakland Athletics,0,0
746723,Cincinnati Reds,Philadelphia Phillies,0,0
745519,Pittsburgh Pirates,Milwaukee Brewers,1,0
745107,Tampa Bay Rays,Detroit Tigers,0,1
747134,Atlanta Braves,Miami Marlins,0,0
746319,Kansas City Royals,Toronto Blue Jays,0,0
745916,Minnesota Twins,Chicago White Sox,1,0
745191,St. Louis Cardinals,Arizona Diamondbacks,0,0
746565,Colorado Rockies,San Diego Padres,0,0
746242,Los Angeles Angels,Baltimore Orioles,0,0
745351,San Francisco Giants,New York Mets,0,0
746647,Cleveland Guardians,Boston Red Sox,0,0
746722,Cincinnati Reds,Philadelphia Phillies,1,1
745516,Pittsburgh Pirates,Milwaukee Brewers,1,0
744863,Washington Nationals,Los Angeles Dodgers,0,0
745102,Tampa Bay Rays,Detroit Tigers,0,0
745754,New York Yankees,Oakland Athletics,1,1
747130,Atlanta Braves,Miami Marlins,0,0
746888,Chicago Cubs,Houston Astros,1,0
746321,Kansas City Royals,Toronto Blue Jays,0,0
745917,Minnesota Twins,Chicago White Sox,1,0
745193,St. Louis Cardinals,Arizona Diamondbacks,1,0
745026,Texas Rangers,Seattle Mariners,0,1
746566,Colorado Rockies,San Diego Padres,0,1
746246,Los Angeles Angels,Baltimore Orioles,1,0
745348,San Francisco Giants,New York Mets,0,0
745188,St. Louis Cardinals,Arizona Diamondbacks,0,1
745346,San Francisco Giants,New York Mets,0,0
746244,Los Angeles Angels,Baltimore Orioles,0,0
746649,Cleveland Guardians,Boston Red Sox,0,1
746725,Cincinnati Reds,Philadelphia Phillies,0,1
745513,Pittsburgh Pirates,Milwaukee Brewers,0,0
744864,Washington Nationals,Los Angeles Dodgers,0,1
745099,Tampa Bay Rays,Detroit Tigers,1,1
745753,New York Yankees,Oakland Athletics,1,0
747132,Atlanta Braves,Miami Marlins,1,0
746889,Chicago Cubs,Houston Astros,1,0
746317,Kansas City Royals,Toronto Blue Jays,1,0
745919,Minnesota Twins,Chicago White Sox,0,0
745028,Texas Rangers,Seattle Mariners,0,1
746567,Colorado Rockies,San Diego Padres,0,1
745512,Pittsburgh Pirates,Milwaukee Brewers,1,1
746646,Cleveland Guardians,Boston Red Sox,0,0
746724,Cincinnati Reds,Philadelphia Phillies,0,0
745918,Minnesota Twins,Chicago White Sox,0,0
746887,Chicago Cubs,Houston Astros,0,1
745027,Texas Rangers,Seattle Mariners,1,1
746564,Colorado Rockies,San Diego Padres,1,0
744867,Washington Nationals,Los Angeles Dodgers,0,0
745755,New York Yankees,Oakland Athletics,0,0
746482,Detroit Tigers,Kansas City Royals,0,0
747050,Baltimore Orioles,Oakland Athletics,0,1
744949,Toronto Blue Jays,Los Angeles Dodgers,0,1
746972,Boston Red Sox,Chicago Cubs,0,0
745835,New York Mets,St. Louis Cardinals,0,0
746078,Miami Marlins,Washington Nationals,0,0
747129,Atlanta Braves,Cleveland Guardians,0,1
746808,Chicago White Sox,Tampa Bay Rays,0,0
745025,Texas Rangers,Cincinnati Reds,0,1
746000,Milwaukee Brewers,New York Yankees,0,1
746243,Los Angeles Angels,Minnesota Twins,0,0
745269,Seattle Mariners,Arizona Diamondbacks,1,0
745424,San Diego Padres,Philadelphia Phillies,0,1
745347,San Francisco Giants,Pittsburgh Pirates,0,0
744946,Toronto Blue Jays,Los Angeles Dodgers,0,1
747052,Baltimore Orioles,Oakland Athletics,0,0
745833,New York Mets,St. Louis Cardinals,0,1
745020,Texas Rangers,Cincinnati Reds,0,0
746971,Boston Red Sox,Chicago Cubs,1,0
746075,Miami Marlins,Washington Nationals,1,0
746560,Colorado Rockies,Houston Astros,1,0
746484,Detroit Tigers,Kansas City Royals,0,1
746803,Chicago White Sox,Tampa Bay Rays,0,0
745998,Milwaukee Brewers,New York Yankees,1,1
747131,Atlanta Braves,Cleveland Guardians,0,0
745425,San Diego Padres,Philadelphia Phillies,0,1
745350,San Francisco Giants,Pittsburgh Pirates,0,0
746245,Los Angeles Angels,Minnesota Twins,0,1
745266,Seattle Mariners,Arizona Diamondbacks,0,0
747045,Baltimore Orioles,Oakland Athletics,0,0
747125,Atlanta Braves,Cleveland Guardians,0,0
744947,Toronto Blue Jays,Los Angeles Dodgers,0,0
746483,Detroit Tigers,Kansas City Royals,1,1
745834,New York Mets,St. Louis Cardinals,0,0
746077,Miami Marlins,Washington Nationals,1,0
746805,Chicago White Sox,Tampa Bay Rays,0,0
746001,Milwaukee Brewers,New York Yankees,0,1
745022,Texas Rangers,Cincinnati Reds,1,0
746561,Colorado Rockies,Houston Astros,0,1
745349,San Francisco Giants,Pittsburgh Pirates,0,0
746237,Los Angeles Angels,Minnesota Twins,0,0
745265,Seattle Mariners,Arizona Diamondbacks,1,0
745428,San Diego Padres,Philadelphia Phillies,0,0
746967,Boston Red Sox,Chicago Cubs,1,0
747046,Baltimore Orioles,New York Yankees,1,0
746074,Miami Marlins,Washington Nationals,0,0
744945,Toronto Blue Jays,Kansas City Royals,1,1
745832,New York Mets,Chicago Cubs,1,0
746804,Chicago White Sox,Minnesota Twins,1,0
745999,Milwaukee Brewers,Tampa Bay Rays,0,1
746236,Los Angeles Angels,Philadelphia Phillies,1,1
747211,Arizona Diamondbacks,Los Angeles Dodgers,1,0
745672,Oakland Athletics,Pittsburgh Pirates,1,1
745427,San Diego Padres,Cincinnati Reds,1,1
745263,Seattle Mariners,Atlanta Braves,0,0
746477,Detroit Tigers,St. Louis Cardinals,0,0
746481,Detroit Tigers,St. Louis Cardinals,1,0
747047,Baltimore Orioles,New York Yankees,0,0
746073,Miami Marlins,Colorado Rockies,0,1
744942,Toronto Blue Jays,Kansas City Royals,0,0
745831,New York Mets,Chicago Cubs,1,0
746968,Boston Red Sox,San Francisco Giants,1,0
746806,Chicago White Sox,Minnesota Twins,0,0
745997,Milwaukee Brewers,Tampa Bay Rays,1,0
745018,Texas Rangers,Washington Nationals,0,1
746398,Houston Astros,Cleveland Guardians,0,1
746239,Los Angeles Angels,Philadelphia Phillies,0,0
747210,Arizona Diamondbacks,Los Angeles Dodgers,0,0
745673,Oakland Athletics,Pittsburgh Pirates,0,1
745426,San Diego Padres,Cincinnati Reds,0,0
745260,Seattle Mariners,Atlanta Braves,0,0
746478,Detroit Tigers,St. Louis Cardinals,0,0
745996,Milwaukee Brewers,Tampa Bay Rays,0,0
746800,Chicago White Sox,Minnesota Twins,1,0
744939,Toronto Blue Jays,Kansas City Royals,0,0
745670,Oakland Athletics,Pittsburgh Pirates,0,0
745261,Seattle Mariners,Atlanta Braves,0,0
746238,Los Angeles Angels,Philadelphia Phillies,0,0
745423,San Diego Padres,Cincinnati Reds,0,1
747048,Baltimore Orioles,New York Yankees,0,0
746072,Miami Marlins,Colorado Rockies,0,0
745829,New York Mets,Chicago Cubs,0,0
746966,Boston Red Sox,San Francisco Giants,0,0
745023,Texas Rangers,Washington Nationals,0,0
746399,Houston Astros,Cleveland Guardians,0,0
747207,Arizona Diamondbacks,Los Angeles Dodgers,0,0
746070,Miami Marlins,Colorado Rockies,1,0
747044,Baltimore Orioles,New York Yankees,0,0
745830,New York Mets,Chicago Cubs,0,0
746969,Boston Red Sox,San Francisco Giants,0,0
745021,Texas Rangers,Washington Nationals,0,0
746403,Houston Astros,Cleveland Guardians,0,0
746890,Chicago Cubs,Milwaukee Brewers,0,0
746721,Cincinnati Reds,Baltimore Orioles,0,0
745510,Pittsburgh Pirates,Colorado Rockies,0,0
745589,Philadelphia Phillies,San Francisco Giants,0,0
744868,Washington Nationals,Toronto Blue Jays,0,0
745101,Tampa Bay Rays,New York Mets,0,0
745756,New York Yankees,Detroit Tigers,0,0
746645,Cleveland Guardians,Los Angeles Angels,0,0
746318,Kansas City Royals,Texas Rangers,0,0
746402,Houston Astros,Seattle Mariners,0,0
745914,Minnesota Twins,Boston Red Sox,0,0
745187,St. Louis Cardinals,Chicago White Sox,1,0
747208,Arizona Diamondbacks,San Diego Padres,0,0
745665,Oakland Athletics,Miami Marlins,0,0
746152,Los Angeles Dodgers,Atlanta Braves,0,1
745750,New York Yankees,Detroit Tigers,1,1
745911,Minnesota Twins,Boston Red Sox,1,1
745183,St. Louis Cardinals,Chicago White Sox,0,1
746884,Chicago Cubs,Milwaukee Brewers,1,0
745511,Pittsburgh Pirates,Colorado Rockies,0,0
744862,Washington Nationals,Toronto Blue Jays,0,1
745666,Oakland Athletics,Miami Marlins,0,0
745583,Philadelphia Phillies,San Francisco Giants,1,0
746644,Cleveland Guardians,Los Angeles Angels,0,0
746720,Cincinnati Reds,Baltimore Orioles,0,0
746311,Kansas City Royals,Texas Rangers,0,1
746394,Houston Astros,Seattle Mariners,0,0
745100,Tampa Bay Rays,New York Mets,1,1
747209,Arizona Diamondbacks,San Diego Padres,0,1
746155,Los Angeles Dodgers,Atlanta Braves,0,0
745504,Pittsburgh Pirates,Colorado Rockies,0,0
744861,Washington Nationals,Toronto Blue Jays,1,0
746643,Cleveland Guardians,Los Angeles Angels,0,0
745103,Tampa Bay Rays,New York Mets,0,1
746395,Houston Astros,Seattle Mariners,0,0
746314,Kansas City Royals,Texas Rangers,1,0
745913,Minnesota Twins,Boston Red Sox,0,0
745185,St. Louis Cardinals,Chicago White Sox,0,0
746883,Chicago Cubs,Milwaukee Brewers,0,0
745667,Oakland Athletics,Miami Marlins,0,1
746719,Cincinnati Reds,Baltimore Orioles,0,1
747206,Arizona Diamondbacks,San Diego Padres,1,0
746153,Los Angeles Dodgers,Atlanta Braves,1,0
745587,Philadelphia Phillies,San Francisco Giants,0,1
745585,Philadelphia Phillies,San Francisco Giants,0,0
746639,Cleveland Guardians,Detroit Tigers,1,1
745509,Pittsburgh Pirates,Los Angeles Angels,0,0
745098,Tampa Bay Rays,Chicago White Sox,0,0
746313,Kansas City Royals,Milwaukee Brewers,0,0
746886,Chicago Cubs,San Diego Padres,0,0
745912,Minnesota Twins,Seattle Mariners,0,0
745182,St. Louis Cardinals,New York Mets,0,1
745669,Oakland Athletics,Texas Rangers,0,0
746149,Los Angeles Dodgers,Miami Marlins,1,1
745668,Oakland Athletics,Texas Rangers,0,1
746638,Cleveland Guardians,Detroit Tigers,1,1
746718,Cincinnati Reds,Arizona Diamondbacks,0,0
745508,Pittsburgh Pirates,Los Angeles Angels,0,0
745586,Philadelphia Phillies,Toronto Blue Jays,1,0
744859,Washington Nationals,Baltimore Orioles,0,0
745095,Tampa Bay Rays,Chicago White Sox,0,0
745752,New York Yankees,Houston Astros,1,1
747126,Atlanta Braves,Boston Red Sox,0,0
746885,Chicago Cubs,San Diego Padres,0,0
745915,Minnesota Twins,Seattle Mariners,0,0
746315,Kansas City Royals,Milwaukee Brewers,0,0
745186,St. Louis Cardinals,New York Mets,1,0
746559,Colorado Rockies,San Francisco Giants,0,0
746147,Los Angeles Dodgers,Miami Marlins,1,1
745507,Pittsburgh Pirates,Los Angeles Angels,0,0
745584,Philadelphia Phillies,Toronto Blue Jays,0,0
746640,Cleveland Guardians,Detroit Tigers,0,0
746312,Kansas City Royals,Milwaukee Brewers,1,1
746879,Chicago Cubs,San Diego Padres,0,1
746151,Los Angeles Dodgers,Miami Marlins,1,0
745664,Oakland Athletics,Texas Rangers,0,1
745659,Oakland Athletics,Texas Rangers,0,0
746717,Cincinnati Reds,Arizona Diamondbacks,0,0
744858,Washington Nationals,Baltimore Orioles,0,0
745097,Tampa Bay Rays,Chicago White Sox,0,0
745749,New York Yankees,Houston Astros,1,1
747127,Atlanta Braves,Boston Red Sox,1,0
745906,Minnesota Twins,Seattle Mariners,1,0
746562,Colorado Rockies,San Francisco Giants,0,0
746715,Cincinnati Reds,Arizona Diamondbacks,0,1
745910,Minnesota Twins,Seattle Mariners,1,0
746563,Colorado Rockies,San Francisco Giants,0,0
745748,New York Yankees,Houston Astros,0,1
746802,Chicago White Sox,Cleveland Guardians,1,0
745995,Milwaukee Brewers,St. Louis Cardinals,1,0
746241,Los Angeles Angels,Kansas City Royals,0,0
746479,Detroit Tigers,Houston Astros,0,0
745506,Pittsburgh Pirates,Chicago Cubs,1,1
745094,Tampa Bay Rays,New York Yankees,0,0
747043,Baltimore Orioles,Arizona Diamondbacks,0,0
744940,Toronto Blue Jays,Minnesota Twins,0,1
746964,Boston Red Sox,Washington Nationals,0,0
745827,New York Mets,Atlanta Braves,0,0
746071,Miami Marlins,Philadelphia Phillies,0,0
746801,Chicago White Sox,Cleveland Guardians,0,0
745993,Milwaukee Brewers,St. Louis Cardinals,0,0
746553,Colorado Rockies,Texas Rangers,0,0
746240,Los Angeles Angels,Kansas City Royals,0,0
745421,San Diego Padres,Los Angeles Dodgers,0,0
745264,Seattle Mariners,Oakland Athletics,0,0
745340,San Francisco Giants,Cincinnati Reds,1,1
744943,Toronto Blue Jays,Minnesota Twins,0,1
747041,Baltimore Orioles,Arizona Diamondbacks,0,0
745505,Pittsburgh Pirates,Chicago Cubs,0,0
746963,Boston Red Sox,Washington Nationals,0,0
745828,New York Mets,Atlanta Braves,0,0
746069,Miami Marlins,Philadelphia Phillies,0,0
745096,Tampa Bay Rays,New York Yankees,1,0
746480,Detroit Tigers,Houston Astros,0,0
746797,Chicago White Sox,Cleveland Guardians,0,0
745344,San Francisco Giants,Cincinnati Reds,1,0
745994,Milwaukee Brewers,St. Louis Cardinals,0,0
746554,Colorado Rockies,Texas Rangers,0,0
745422,San Diego Padres,Los Angeles Dodgers,0,1
746232,Los Angeles Angels,Kansas City Royals,0,1
745262,Seattle Mariners,Oakland Athletics,0,0
747042,Baltimore Orioles,Arizona Diamondbacks,0,0
746965,Boston Red Sox,Washington Nationals,0,0
745499,Pittsburgh Pirates,Chicago Cubs,0,1
744941,Toronto Blue Jays,Minnesota Twins,0,0
746476,Detroit Tigers,Houston Astros,0,0
746068,Miami Marlins,Philadelphia Phillies,0,1
745092,Tampa Bay Rays,New York Yankees,0,1
746798,Chicago White Sox,Cleveland Guardians,0,0
745990,Milwaukee Brewers,St. Louis Cardinals,1,0
746555,Colorado Rockies,Texas Rangers,1,1
745345,San Francisco Giants,Cincinnati Reds,0,1
746234,Los Angeles Angels,Kansas City Royals,0,0
745419,San Diego Padres,Los Angeles Dodgers,1,0
745255,Seattle Mariners,Oakland Athletics,1,0
745825,New York Mets,Atlanta Braves,0,0
747040,Baltimore Orioles,Toronto Blue Jays,0,0
746471,Detroit Tigers,Miami Marlins,0,0
746961,Boston Red Sox,Tampa Bay Rays,1,1
745826,New York Mets,Philadelphia Phillies,0,0
747128,Atlanta Braves,Chicago Cubs,0,0
745991,Milwaukee Brewers,Pittsburgh Pirates,0,1
745019,Texas Rangers,Cleveland Guardians,0,0
746393,Houston Astros,Oakland Athletics,0,0
746233,Los Angeles Angels,St. Louis Cardinals,0,0
747204,Arizona Diamondbacks,Cincinnati Reds,0,0
745420,San Diego Padres,Colorado Rockies,0,0
745256,Seattle Mariners,Kansas City Royals,0,0
745343,San Francisco Giants,Los Angeles Dodgers,0,1
745821,New York Mets,Philadelphia Phillies,0,0
746796,Chicago White Sox,Washington Nationals,0,0
746799,Chicago White Sox,Washington Nationals,0,0
746473,Detroit Tigers,Miami Marlins,0,0
746962,Boston Red Sox,Tampa Bay Rays,0,1
747124,Atlanta Braves,Chicago Cubs,1,0
745909,Minnesota Twins,New York Yankees,1,0
745989,Milwaukee Brewers,Pittsburgh Pirates,0,0
745014,Texas Rangers,Cleveland Guardians,0,0
746396,Houston Astros,Oakland Athletics,0,0
746235,Los Angeles Angels,St. Louis Cardinals,0,0
747205,Arizona Diamondbacks,Cincinnati Reds,0,0
745418,San Diego Padres,Colorado Rockies,0,0
745257,Seattle Mariners,Kansas City Royals,0,0
745342,San Francisco Giants,Los Angeles Dodgers,0,0
747038,Baltimore Orioles,Toronto Blue Jays,1,0
746472,Detroit Tigers,Miami Marlins,0,1
745992,Milwaukee Brewers,Pittsburgh Pirates,0,0
746795,Chicago White Sox,Washington Nationals,0,0
747203,Arizona Diamondbacks,Cincinnati Reds,0,0
745417,San Diego Padres,Colorado Rockies,0,0
745259,Seattle Mariners,Kansas City Royals,0,0
745582,Philadelphia Phillies,New York Mets,1,1
746960,Boston Red Sox,Tampa Bay Rays,1,0
747123,Atlanta Braves,Chicago Cubs,0,1
745908,Minnesota Twins,New York Yankees,0,1
745015,Texas Rangers,Cleveland Guardians,0,0
746397,Houston Astros,Oakland Athletics,1,0
746231,Los Angeles Angels,St. Louis Cardinals,1,0
745341,San Francisco Giants,Los Angeles Dodgers,0,0
745907,Minnesota Twins,New York Yankees,0,1
745580,Philadelphia Phillies,New York Mets,0,1
746959,Boston Red Sox,Tampa Bay Rays,0,0
746881,Chicago Cubs,Pittsburgh Pirates,0,1
746391,Houston Astros,Oakland Athletics,0,0
746150,Los Angeles Dodgers,Cincinnati Reds,0,1
746878,Chicago Cubs,Pittsburgh Pirates,0,0
745579,Philadelphia Phillies,Washington Nationals,1,0
747037,Baltimore Orioles,Seattle Mariners,1,1
745747,New York Yankees,Chicago White Sox,1,0
744934,Toronto Blue Jays,Tampa Bay Rays,0,0
746641,Cleveland Guardians,Minnesota Twins,0,0
746065,Miami Marlins,New York Mets,0,0
747122,Atlanta Braves,San Diego Padres,1,0
746310,Kansas City Royals,Oakland Athletics,1,0
745016,Texas Rangers,Los Angeles Angels,0,0
746388,Houston Astros,Milwaukee Brewers,0,0
745178,St. Louis Cardinals,Boston Red Sox,1,0
747201,Arizona Diamondbacks,Detroit Tigers,0,0
746148,Los Angeles Dodgers,Cincinnati Reds,1,0
745335,San Francisco Giants,Colorado Rockies,1,1
745744,New York Yankees,Chicago White Sox,1,1
746882,Chicago Cubs,Pittsburgh Pirates,0,0
744938,Toronto Blue Jays,Tampa Bay Rays,0,0
747036,Baltimore Orioles,Seattle Mariners,0,0
745339,San Francisco Giants,Colorado Rockies,1,0
746067,Miami Marlins,New York Mets,0,1
745581,Philadelphia Phillies,Washington Nationals,0,1
746642,Cleveland Guardians,Minnesota Twins,1,0
746308,Kansas City Royals,Oakland Athletics,1,0
746389,Houston Astros,Milwaukee Brewers,0,0
745177,St. Louis Cardinals,Boston Red Sox,0,0
745013,Texas Rangers,Los Angeles Angels,0,0
747202,Arizona Diamondbacks,Detroit Tigers,0,0
746142,Los Angeles Dodgers,Cincinnati Reds,0,0
745179,St. Louis Cardinals,Boston Red Sox,0,1
747035,Baltimore Orioles,Seattle Mariners,1,0
745577,Philadelphia Phillies,Washington Nationals,0,0
745745,New York Yankees,Chicago White Sox,0,0
744937,Toronto Blue Jays,Tampa Bay Rays,0,0
746636,Cleveland Guardians,Minnesota Twins,1,0
746064,Miami Marlins,New York Mets,0,1
746306,Kansas City Royals,Oakland Athletics,1,0
746392,Houston Astros,Milwaukee Brewers,1,1
746880,Chicago Cubs,Pittsburgh Pirates,0,0
745012,Texas Rangers,Los Angeles Angels,0,0
745336,San Francisco Giants,Colorado Rockies,0,1
747198,Arizona Diamondbacks,Detroit Tigers,1,0
746144,Los Angeles Dodgers,Cincinnati Reds,0,0
747120,Atlanta Braves,San Diego Padres,0,1
747119,Atlanta Braves,San Diego Padres,1,0
747121,Atlanta Braves,San Diego Padres,1,0
744935,Toronto Blue Jays,Chicago White Sox,0,0
746637,Cleveland Guardians,New York Mets,1,0
746066,Miami Marlins,Milwaukee Brewers,0,0
744857,Washington Nationals,Minnesota Twins,0,0
745093,Tampa Bay Rays,Boston Red Sox,0,0
745746,New York Yankees,Seattle Mariners,1,0
746307,Kansas City Royals,Detroit Tigers,0,0
745181,St. Louis Cardinals,Baltimore Orioles,0,0
746390,Houston Astros,Los Angeles Angels,0,1
746146,Los Angeles Dodgers,Arizona Diamondbacks,0,0
746633,Cleveland Guardians,New York Mets,0,0
746716,Cincinnati Reds,San Diego Padres,0,0
745503,Pittsburgh Pirates,San Francisco Giants,0,1
745578,Philadelphia Phillies,Texas Rangers,0,0
746058,Miami Marlins,Milwaukee Brewers,0,1
744860,Washington Nationals,Minnesota Twins,0,0
745090,Tampa Bay Rays,Boston Red Sox,1,0
745742,New York Yankees,Seattle Mariners,0,0
744936,Toronto Blue Jays,Chicago White Sox,0,0
746309,Kansas City Royals,Detroit Tigers,1,0
746875,Chicago Cubs,Atlanta Braves,0,0
745180,St. Louis Cardinals,Baltimore Orioles,0,0
746385,Houston Astros,Los Angeles Angels,1,1
745662,Oakland Athletics,Colorado Rockies,0,1
746145,Los Angeles Dodgers,Arizona Diamondbacks,0,0
744856,Washington Nationals,Minnesota Twins,0,0
746634,Cleveland Guardians,New York Mets,0,1
745173,St. Louis Cardinals,Baltimore Orioles,0,0
746386,Houston Astros,Los Angeles Angels,0,0
746304,Kansas City Royals,Detroit Tigers,0,0
746712,Cincinnati Reds,San Diego Padres,1,1
745502,Pittsburgh Pirates,San Francisco Giants,0,0
745576,Philadelphia Phillies,Texas Rangers,0,1
746063,Miami Marlins,Milwaukee Brewers,1,0
745089,Tampa Bay Rays,Boston Red Sox,0,0
745743,New York Yankees,Seattle Mariners,1,0
744933,Toronto Blue Jays,Chicago White Sox,0,0
746876,Chicago Cubs,Atlanta Braves,0,0
745661,Oakland Athletics,Colorado Rockies,0,1
746143,Los Angeles Dodgers,Arizona Diamondbacks,0,0
745500,Pittsburgh Pirates,San Francisco Giants,1,0
745741,New York Yankees,Seattle Mariners,0,0
745573,Philadelphia Phillies,Texas Rangers,0,0
746714,Cincinnati Reds,San Diego Padres,1,1
746874,Chicago Cubs,Atlanta Braves,0,0
745660,Oakland Athletics,Colorado Rockies,0,1
746474,Detroit Tigers,Toronto Blue Jays,0,0
746792,Chicago White Sox,Baltimore Orioles,1,0
746475,Detroit Tigers,Toronto Blue Jays,0,0
745501,Pittsburgh Pirates,Atlanta Braves,1,0
744853,Washington Nationals,Seattle Mariners,0,1
745087,Tampa Bay Rays,Kansas City Royals,1,0
746713,Cincinnati Reds,Los Angeles Dodgers,1,0
745822,New York Mets,San Francisco Giants,1,0
745905,Minnesota Twins,Texas Rangers,0,1
746956,Boston Red Sox,Milwaukee Brewers,0,0
746793,Chicago White Sox,Baltimore Orioles,0,0
746558,Colorado Rockies,Philadelphia Phillies,0,0
746227,Los Angeles Angels,Cleveland Guardians,1,0
745663,Oakland Athletics,Houston Astros,1,0
747200,Arizona Diamondbacks,Miami Marlins,0,0
745415,San Diego Padres,New York Yankees,0,1
746470,Detroit Tigers,Toronto Blue Jays,1,0
745823,New York Mets,San Francisco Giants,0,0
745901,Minnesota Twins,Texas Rangers,1,0
746794,Chicago White Sox,Baltimore Orioles,0,0
744851,Washington Nationals,Seattle Mariners,0,0
745493,Pittsburgh Pirates,Atlanta Braves,0,0
745658,Oakland Athletics,Houston Astros,1,0
745086,Tampa Bay Rays,Kansas City Royals,0,0
746958,Boston Red Sox,Milwaukee Brewers,0,0
746710,Cincinnati Reds,Los Angeles Dodgers,1,0
745176,St. Louis Cardinals,Chicago Cubs,0,0
746556,Colorado Rockies,Philadelphia Phillies,1,1
746226,Los Angeles Angels,Cleveland Guardians,0,0
745411,San Diego Padres,New York Yankees,0,1
747199,Arizona Diamondbacks,Miami Marlins,1,1
746469,Detroit Tigers,Toronto Blue Jays,0,0
746711,Cincinnati Reds,Los Angeles Dodgers,0,0
744855,Washington Nationals,Seattle Mariners,0,0
745498,Pittsburgh Pirates,Atlanta Braves,0,0
746957,Boston Red Sox,Milwaukee Brewers,0,0
745824,New York Mets,San Francisco Giants,0,0
745088,Tampa Bay Rays,Kansas City Royals,0,0
745902,Minnesota Twins,Texas Rangers,0,0
746789,Chicago White Sox,Baltimore Orioles,0,0
746557,Colorado Rockies,Philadelphia Phillies,1,0
746230,Los Angeles Angels,Cleveland Guardians,0,0
745653,Oakland Athletics,Houston Astros,0,0
747197,Arizona Diamondbacks,Miami Marlins,0,0
745413,San Diego Padres,New York Yankees,0,0
745172,St. Louis Cardinals,Chicago Cubs,0,0
747034,Baltimore Orioles,Boston Red Sox,0,0
745904,Minnesota Twins,Kansas City Royals,0,0
746788,Chicago White Sox,Toronto Blue Jays,0,0
746549,Colorado Rockies,Cleveland Guardians,0,1
746708,Cincinnati Reds,St. Louis Cardinals,1,1
747118,Atlanta Braves,Washington Nationals,0,1
745986,Milwaukee Brewers,Chicago Cubs,0,0
745338,San Francisco Giants,Philadelphia Phillies,0,0
745416,San Diego Padres,Miami Marlins,0,0
745254,Seattle Mariners,Houston Astros,1,0
745818,New York Mets,Los Angeles Dodgers,0,0
745816,New York Mets,Los Angeles Dodgers,0,1
747033,Baltimore Orioles,Boston Red Sox,1,1
746709,Cincinnati Reds,St. Louis Cardinals,0,0
745091,Tampa Bay Rays,Oakland Athletics,0,0
747115,Atlanta Braves,Washington Nationals,0,0
745903,Minnesota Twins,Kansas City Royals,1,0
746791,Chicago White Sox,Toronto Blue Jays,0,0
745987,Milwaukee Brewers,Chicago Cubs,0,0
745017,Texas Rangers,Arizona Diamondbacks,0,0
746552,Colorado Rockies,Cleveland Guardians,0,1
746229,Los Angeles Angels,New York Yankees,1,1
745258,Seattle Mariners,Houston Astros,1,0
745412,San Diego Padres,Miami Marlins,1,0
745337,San Francisco Giants,Philadelphia Phillies,0,0
746467,Detroit Tigers,Pittsburgh Pirates,1,0
746468,Detroit Tigers,Pittsburgh Pirates,0,0
746706,Cincinnati Reds,St. Louis Cardinals,0,0
745011,Texas Rangers,Arizona Diamondbacks,0,0
745333,San Francisco Giants,Philadelphia Phillies,0,1
745817,New York Mets,Los Angeles Dodgers,0,0
745414,San Diego Padres,Miami Marlins,0,0
747031,Baltimore Orioles,Boston Red Sox,0,0
745084,Tampa Bay Rays,Oakland Athletics,0,0
747117,Atlanta Braves,Washington Nationals,0,0
745900,Minnesota Twins,Kansas City Royals,0,0
746790,Chicago White Sox,Toronto Blue Jays,0,0
745988,Milwaukee Brewers,Chicago Cubs,1,0
746551,Colorado Rockies,Cleveland Guardians,1,1
746228,Los Angeles Angels,New York Yankees,0,0
745250,Seattle Mariners,Houston Astros,0,0
745081,Tampa Bay Rays,Oakland Athletics,1,0
745898,Minnesota Twins,Kansas City Royals,0,1
745985,Milwaukee Brewers,Chicago Cubs,0,1
745249,Seattle Mariners,Houston Astros,0,0
746954,Boston Red Sox,Detroit Tigers,0,0
745819,New York Mets,Arizona Diamondbacks,0,0
747114,Atlanta Braves,Washington Nationals,0,0
746225,Los Angeles Angels,New York Yankees,0,0
746877,Chicago Cubs,Cincinnati Reds,0,0
745574,Philadelphia Phillies,St. Louis Cardinals,0,0
747032,Baltimore Orioles,Tampa Bay Rays,0,0
744928,Toronto Blue Jays,Pittsburgh Pirates,0,0
746955,Boston Red Sox,Detroit Tigers,0,1
746635,Cleveland Guardians,Washington Nationals,0,0
745820,New York Mets,Arizona Diamondbacks,1,1
746059,Miami Marlins,Texas Rangers,0,0
747116,Atlanta Braves,Oakland Athletics,1,0
746303,Kansas City Royals,San Diego Padres,0,0
746387,Houston Astros,Minnesota Twins,0,0
745983,Milwaukee Brewers,Chicago White Sox,0,0
746140,Los Angeles Dodgers,Colorado Rockies,0,0
745253,Seattle Mariners,Los Angeles Angels,1,0
745331,San Francisco Giants,New York Yankees,0,0
744932,Toronto Blue Jays,Pittsburgh Pirates,0,1
747029,Baltimore Orioles,Tampa Bay Rays,1,0
746952,Boston Red Sox,Detroit Tigers,0,1
746629,Cleveland Guardians,Washington Nationals,1,0
745812,New York Mets,Arizona Diamondbacks,0,0
746305,Kansas City Royals,San Diego Padres,1,1
746384,Houston Astros,Minnesota Twins,1,0
747111,Atlanta Braves,Oakland Athletics,1,1
746062,Miami Marlins,Texas Rangers,0,0
745980,Milwaukee Brewers,Chicago White Sox,0,0
746870,Chicago Cubs,Cincinnati Reds,0,0
745251,Seattle Mariners,Los Angeles Angels,0,0
745575,Philadelphia Phillies,St. Louis Cardinals,1,0
745332,San Francisco Giants,New York Yankees,0,1
746138,Los Angeles Dodgers,Colorado Rockies,0,0
746383,Houston Astros,Minnesota Twins,0,1
746953,Boston Red Sox,Detroit Tigers,1,0
747030,Baltimore Orioles,Tampa Bay Rays,1,0
747110,Atlanta Braves,Oakland Athletics,1,0
744929,Toronto Blue Jays,Pittsburgh Pirates,0,0
746632,Cleveland Guardians,Washington Nationals,0,0
745813,New York Mets,Arizona Diamondbacks,0,1
746061,Miami Marlins,Texas Rangers,0,1
746301,Kansas City Royals,San Diego Padres,0,0
745984,Milwaukee Brewers,Chicago White Sox,0,1
746871,Chicago Cubs,Cincinnati Reds,0,0
745330,San Francisco Giants,New York Yankees,0,1
746141,Los Angeles Dodgers,Colorado Rockies,1,0
745252,Seattle Mariners,Los Angeles Angels,0,0
745572,Philadelphia Phillies,St. Louis Cardinals,0,1
745569,Philadelphia Phillies,Milwaukee Brewers,0,0
744854,Washington Nationals,New York Mets,0,0
744930,Toronto Blue Jays,Baltimore Orioles,0,0
745009,Texas Rangers,Detroit Tigers,1,0
746382,Houston Astros,St. Louis Cardinals,0,1
746548,Colorado Rockies,Cincinnati Reds,1,0
746224,Los Angeles Angels,San Diego Padres,0,1
747194,Arizona Diamondbacks,San Francisco Giants,0,0
746630,Cleveland Guardians,Kansas City Royals,0,0
745497,Pittsburgh Pirates,Los Angeles Dodgers,0,0
746060,Miami Marlins,Tampa Bay Rays,1,0
745568,Philadelphia Phillies,Milwaukee Brewers,0,0
744850,Washington Nationals,New York Mets,0,0
745739,New York Yankees,Minnesota Twins,0,0
744931,Toronto Blue Jays,Baltimore Orioles,0,0
746949,Boston Red Sox,Atlanta Braves,0,0
745010,Texas Rangers,Detroit Tigers,0,0
746872,Chicago Cubs,Chicago White Sox,0,0
746380,Houston Astros,St. Louis Cardinals,1,1
746550,Colorado Rockies,Cincinnati Reds,0,1
746222,Los Angeles Angels,San Diego Padres,0,0
745656,Oakland Athletics,Seattle Mariners,0,0
747196,Arizona Diamondbacks,San Francisco Giants,0,0
746950,Boston Red Sox,Atlanta Braves,0,0
746379,Houston Astros,St. Louis Cardinals,0,0
746544,Colorado Rockies,Cincinnati Reds,1,0
747195,Arizona Diamondbacks,San Francisco Giants,1,0
744852,Washington Nationals,New York Mets,0,0
745570,Philadelphia Phillies,Milwaukee Brewers,0,0
745494,Pittsburgh Pirates,Los Angeles Dodgers,0,0
746056,Miami Marlins,Tampa Bay Rays,1,1
745740,New York Yankees,Minnesota Twins,1,0
744927,Toronto Blue Jays,Baltimore Orioles,0,0
745007,Texas Rangers,Detroit Tigers,0,0
746873,Chicago Cubs,Chicago White Sox,0,1
746221,Los Angeles Angels,San Diego Padres,1,0
745654,Oakland Athletics,Seattle Mariners,0,0
744923,Toronto Blue Jays,Baltimore Orioles,0,0
746631,Cleveland Guardians,Kansas City Royals,1,1
745657,Oakland Athletics,Seattle Mariners,0,0
745495,Pittsburgh Pirates,Los Angeles Dodgers,0,1
744844,Washington Nationals,Atlanta Braves,0,0
745738,New York Yankees,Minnesota Twins,0,1
746707,Cincinnati Reds,Chicago Cubs,0,0
745174,St. Louis Cardinals,Colorado Rockies,0,0
746784,Chicago White Sox,Boston Red Sox,0,1
745408,San Diego Padres,Arizona Diamondbacks,0,1
745496,Pittsburgh Pirates,Minnesota Twins,0,0
746466,Detroit Tigers,Milwaukee Brewers,0,0
744845,Washington Nationals,Atlanta Braves,0,0
745083,Tampa Bay Rays,Baltimore Orioles,0,0
745737,New York Yankees,Los Angeles Dodgers,0,0
746704,Cincinnati Reds,Chicago Cubs,0,0
746053,Miami Marlins,Cleveland Guardians,0,0
745008,Texas Rangers,San Francisco Giants,0,0
746302,Kansas City Royals,Seattle Mariners,0,1
746785,Chicago White Sox,Boston Red Sox,1,0
745169,St. Louis Cardinals,Colorado Rockies,1,0
746220,Los Angeles Angels,Houston Astros,0,1
745406,San Diego Padres,Arizona Diamondbacks,1,0
745655,Oakland Athletics,Toronto Blue Jays,0,0
745814,New York Mets,Philadelphia Phillies,1,0
745001,Texas Rangers,San Francisco Giants,1,1
745492,Pittsburgh Pirates,Minnesota Twins,0,0
744848,Washington Nationals,Atlanta Braves,1,0
745652,Oakland Athletics,Toronto Blue Jays,0,1
746703,Cincinnati Reds,Chicago Cubs,1,1
746300,Kansas City Royals,Seattle Mariners,1,1
745082,Tampa Bay Rays,Baltimore Orioles,0,0
746786,Chicago White Sox,Boston Red Sox,0,0
746461,Detroit Tigers,Milwaukee Brewers,1,1
745166,St. Louis Cardinals,Colorado Rockies,0,1
746057,Miami Marlins,Cleveland Guardians,0,1
745735,New York Yankees,Los Angeles Dodgers,0,0
745410,San Diego Padres,Arizona Diamondbacks,0,0
746223,Los Angeles Angels,Houston Astros,0,0
745571,Philadelphia Phillies,New York Mets,1,0
745003,Texas Rangers,San Francisco Giants,1,0
745491,Pittsburgh Pirates,Minnesota Twins,0,1
744849,Washington Nationals,Atlanta Braves,0,0
746705,Cincinnati Reds,Chicago Cubs,0,1
745085,Tampa Bay Rays,Baltimore Orioles,0,0
746054,Miami Marlins,Cleveland Guardians,0,0
746463,Detroit Tigers,Milwaukee Brewers,1,0
746297,Kansas City Royals,Seattle Mariners,0,1
746787,Chicago White Sox,Boston Red Sox,0,0
745167,St. Louis Cardinals,Colorado Rockies,0,0
746216,Los Angeles Angels,Houston Astros,0,0
745651,Oakland Athletics,Toronto Blue Jays,0,0
745407,San Diego Padres,Arizona Diamondbacks,1,1
745736,New York Yankees,Los Angeles Dodgers,0,0
745080,Tampa Bay Rays,Baltimore Orioles,0,1
745897,Minnesota Twins,Colorado Rockies,0,0
746295,Kansas City Royals,New York Yankees,0,1
745982,Milwaukee Brewers,Toronto Blue Jays,0,0
745409,San Diego Padres,Oakland Athletics,0,0
745248,Seattle Mariners,Chicago White Sox,0,0
745334,San Francisco Giants,Houston Astros,0,0
747027,Baltimore Orioles,Atlanta Braves,0,0
746464,Detroit Tigers,Washington Nationals,0,0
745077,Tampa Bay Rays,Chicago Cubs,0,0
746702,Cincinnati Reds,Cleveland Guardians,1,0
746951,Boston Red Sox,Philadelphia Phillies,1,1
745815,New York Mets,Miami Marlins,0,0
745899,Minnesota Twins,Colorado Rockies,0,0
745170,St. Louis Cardinals,Pittsburgh Pirates,0,0
746296,Kansas City Royals,New York Yankees,0,1
745981,Milwaukee Brewers,Toronto Blue Jays,0,0
747190,Arizona Diamondbacks,Los Angeles Angels,0,0
745404,San Diego Padres,Oakland Athletics,0,1
745244,Seattle Mariners,Chicago White Sox,0,0
745327,San Francisco Giants,Houston Astros,0,0
746139,Los Angeles Dodgers,Texas Rangers,1,0
745896,Minnesota Twins,Colorado Rockies,1,1
745978,Milwaukee Brewers,Toronto Blue Jays,0,1
745328,San Francisco Giants,Houston Astros,0,0
745405,San Diego Padres,Oakland Athletics,0,0
747028,Baltimore Orioles,Atlanta Braves,0,0
746462,Detroit Tigers,Washington Nationals,1,0
745079,Tampa Bay Rays,Chicago Cubs,0,0
746701,Cincinnati Reds,Cleveland Guardians,1,0
746948,Boston Red Sox,Philadelphia Phillies,0,1
745811,New York Mets,Miami Marlins,1,0
745171,St. Louis Cardinals,Pittsburgh Pirates,0,0
746294,Kansas City Royals,New York Yankees,0,1
747193,Arizona Diamondbacks,Los Angeles Angels,0,1
745246,Seattle Mariners,Chicago White Sox,0,0
746137,Los Angeles Dodgers,Texas Rangers,1,0
747026,Baltimore Orioles,Atlanta Braves,0,1
746465,Detroit Tigers,Washington Nationals,0,0
746299,Kansas City Royals,New York Yankees,0,0
745168,St. Louis Cardinals,Pittsburgh Pirates,0,0
745075,Tampa Bay Rays,Chicago Cubs,0,0
746944,Boston Red Sox,Philadelphia Phillies,0,0
745809,New York Mets,Miami Marlins,0,0
745894,Minnesota Twins,Oakland Athletics,0,0
747192,Arizona Diamondbacks,Los Angeles Angels,1,0
745245,Seattle Mariners,Chicago White Sox,0,0
746136,Los Angeles Dodgers,Texas Rangers,0,1
746869,Chicago Cubs,St. Louis Cardinals,0,0
746947,Boston Red Sox,New York Yankees,0,1
744847,Washington Nationals,Miami Marlins,0,0
747025,Baltimore Orioles,Philadelphia Phillies,0,1
744924,Toronto Blue Jays,Cleveland Guardians,0,0
745810,New York Mets,San Diego Padres,0,0
747112,Atlanta Braves,Tampa Bay Rays,1,1
746378,Houston Astros,Detroit Tigers,0,0
745892,Minnesota Twins,Oakland Athletics,0,1
745979,Milwaukee Brewers,Cincinnati Reds,0,0
746545,Colorado Rockies,Pittsburgh Pirates,0,1
747191,Arizona Diamondbacks,Chicago White Sox,0,0
746134,Los Angeles Dodgers,Kansas City Royals,0,0
745247,Seattle Mariners,Texas Rangers,1,1
745326,San Francisco Giants,Los Angeles Angels,0,0
746865,Chicago Cubs,St. Louis Cardinals,0,0
744925,Toronto Blue Jays,Cleveland Guardians,0,0
745329,San Francisco Giants,Los Angeles Angels,1,0
747024,Baltimore Orioles,Philadelphia Phillies,0,1
744846,Washington Nationals,Miami Marlins,1,0
746381,Houston Astros,Detroit Tigers,0,1
745805,New York Mets,San Diego Padres,0,0
747113,Atlanta Braves,Tampa Bay Rays,0,1
745976,Milwaukee Brewers,Cincinnati Reds,0,0
745241,Seattle Mariners,Texas Rangers,1,0
746946,Boston Red Sox,New York Yankees,1,0
746135,Los Angeles Dodgers,Kansas City Royals,0,0
746547,Colorado Rockies,Pittsburgh Pirates,0,0
747187,Arizona Diamondbacks,Chicago White Sox,1,0
746866,Chicago Cubs,St. Louis Cardinals,0,0
747023,Baltimore Orioles,Philadelphia Phillies,1,0
747109,Atlanta Braves,Tampa Bay Rays,1,1
744839,Washington Nationals,Miami Marlins,1,0
744926,Toronto Blue Jays,Cleveland Guardians,0,0
745807,New York Mets,San Diego Padres,1,1
746377,Houston Astros,Detroit Tigers,1,0
745895,Minnesota Twins,Oakland Athletics,1,0
745891,Minnesota Twins,Oakland Athletics,1,0
745977,Milwaukee Brewers,Cincinnati Reds,0,1
746546,Colorado Rockies,Pittsburgh Pirates,0,0
745321,San Francisco Giants,Los Angeles Angels,0,1
746130,Los Angeles Dodgers,Kansas City Royals,0,0
745242,Seattle Mariners,Texas Rangers,0,0
747189,Arizona Diamondbacks,Chicago White Sox,1,0
746945,Boston Red Sox,New York Yankees,0,1
745490,Pittsburgh Pirates,Cincinnati Reds,1,1
745567,Philadelphia Phillies,San Diego Padres,0,0
746055,Miami Marlins,St. Louis Cardinals,0,0
744918,Toronto Blue Jays,Boston Red Sox,0,1
747108,Atlanta Braves,Detroit Tigers,0,0
746868,Chicago Cubs,San Francisco Giants,0,0
745005,Texas Rangers,New York Mets,0,1
746543,Colorado Rockies,Los Angeles Dodgers,0,1
746215,Los Angeles Angels,Milwaukee Brewers,0,0
746049,Miami Marlins,St. Louis Cardinals,1,1
745488,Pittsburgh Pirates,Cincinnati Reds,0,0
746627,Cleveland Guardians,Seattle Mariners,0,0
745563,Philadelphia Phillies,San Diego Padres,0,0
744843,Washington Nationals,Arizona Diamondbacks,0,1
745733,New York Yankees,Baltimore Orioles,0,0
744917,Toronto Blue Jays,Boston Red Sox,0,0
747107,Atlanta Braves,Detroit Tigers,1,0
745893,Minnesota Twins,Tampa Bay Rays,0,1
746867,Chicago Cubs,San Francisco Giants,0,0
745004,Texas Rangers,New York Mets,0,0
746783,Chicago White Sox,Houston Astros,0,0
746542,Colorado Rockies,Los Angeles Dodgers,1,0
746217,Los Angeles Angels,Milwaukee Brewers,0,1
745650,Oakland Athletics,Kansas City Royals,1,0
747106,Atlanta Braves,Detroit Tigers,0,0
745489,Pittsburgh Pirates,Cincinnati Reds,0,0
746050,Miami Marlins,St. Louis Cardinals,1,0
745561,Philadelphia Phillies,San Diego Padres,0,0
746864,Chicago Cubs,San Francisco Giants,0,0
744842,Washington Nationals,Arizona Diamondbacks,0,0
746625,Cleveland Guardians,Seattle Mariners,1,0
745732,New York Yankees,Baltimore Orioles,1,1
744920,Toronto Blue Jays,Boston Red Sox,0,0
745887,Minnesota Twins,Tampa Bay Rays,0,0
745002,Texas Rangers,New York Mets,1,0
746781,Chicago White Sox,Houston Astros,0,0
746538,Colorado Rockies,Los Angeles Dodgers,1,0
746219,Los Angeles Angels,Milwaukee Brewers,0,1
745646,Oakland Athletics,Kansas City Royals,0,0
744841,Washington Nationals,Arizona Diamondbacks,0,0
746626,Cleveland Guardians,Seattle Mariners,1,1
745889,Minnesota Twins,Tampa Bay Rays,0,0
746782,Chicago White Sox,Houston Astros,0,1
746539,Colorado Rockies,Los Angeles Dodgers,0,1
745645,Oakland Athletics,Kansas City Royals,0,0
745734,New York Yankees,Baltimore Orioles,0,1
745164,St. Louis Cardinals,San Francisco Giants,1,0
745401,San Diego Padres,Milwaukee Brewers,1,1
746861,Chicago Cubs,New York Mets,1,1
745483,Pittsburgh Pirates,Tampa Bay Rays,0,0
745562,Philadelphia Phillies,Arizona Diamondbacks,0,0
746460,Detroit Tigers,Chicago White Sox,0,0
745729,New York Yankees,Atlanta Braves,0,1
746698,Cincinnati Reds,Boston Red Sox,1,0
746624,Cleveland Guardians,Toronto Blue Jays,0,0
746052,Miami Marlins,Seattle Mariners,0,1
745006,Texas Rangers,Kansas City Royals,0,0
746375,Houston Astros,Baltimore Orioles,1,0
746540,Colorado Rockies,Washington Nationals,0,0
745649,Oakland Athletics,Minnesota Twins,1,1
745403,San Diego Padres,Milwaukee Brewers,0,0
746131,Los Angeles Dodgers,Los Angeles Angels,0,0
746459,Detroit Tigers,Chicago White Sox,0,0
745163,St. Louis Cardinals,San Francisco Giants,1,1
746863,Chicago Cubs,New York Mets,1,0
745486,Pittsburgh Pirates,Tampa Bay Rays,1,1
744997,Texas Rangers,Kansas City Royals,0,0
745564,Philadelphia Phillies,Arizona Diamondbacks,1,0
745644,Oakland Athletics,Minnesota Twins,1,1
746700,Cincinnati Reds,Boston Red Sox,1,0
746376,Houston Astros,Baltimore Orioles,0,0
746622,Cleveland Guardians,Toronto Blue Jays,0,0
746048,Miami Marlins,Seattle Mariners,0,1
745731,New York Yankees,Atlanta Braves,1,1
745402,San Diego Padres,Milwaukee Brewers,0,0
746541,Colorado Rockies,Washington Nationals,1,0
746132,Los Angeles Dodgers,Los Angeles Angels,0,0
745566,Philadelphia Phillies,Arizona Diamondbacks,0,0
745485,Pittsburgh Pirates,Tampa Bay Rays,0,1
745727,New York Yankees,Atlanta Braves,0,0
746699,Cincinnati Reds,Boston Red Sox,0,0
746621,Cleveland Guardians,Toronto Blue Jays,1,1
746457,Detroit Tigers,Chicago White Sox,1,0
746051,Miami Marlins,Seattle Mariners,1,0
746373,Houston Astros,Baltimore Orioles,1,0
745165,St. Louis Cardinals,San Francisco Giants,1,0
745000,Texas Rangers,Kansas City Royals,0,0
746536,Colorado Rockies,Washington Nationals,0,0
745648,Oakland Athletics,Minnesota Twins,0,0
745396,San Diego Padres,Milwaukee Brewers,0,0
746862,Chicago Cubs,New York Mets,0,0
747021,Baltimore Orioles,Cleveland Guardians,1,1
746458,Detroit Tigers,Philadelphia Phillies,0,1
745078,Tampa Bay Rays,Seattle Mariners,0,0
746696,Cincinnati Reds,Pittsburgh Pirates,0,0
746941,Boston Red Sox,Toronto Blue Jays,0,0
745160,St. Louis Cardinals,Atlanta Braves,0,0
746780,Chicago White Sox,Los Angeles Dodgers,0,0
746298,Kansas City Royals,Miami Marlins,0,0
745974,Milwaukee Brewers,Texas Rangers,0,0
746218,Los Angeles Angels,Oakland Athletics,1,0
745397,San Diego Padres,Washington Nationals,0,0
745323,San Francisco Giants,Chicago Cubs,0,0
747022,Baltimore Orioles,Cleveland Guardians,1,1
746454,Detroit Tigers,Philadelphia Phillies,0,0
745076,Tampa Bay Rays,Seattle Mariners,1,0
746697,Cincinnati Reds,Pittsburgh Pirates,0,1
746943,Boston Red Sox,Toronto Blue Jays,0,0
745806,New York Mets,New York Yankees,1,0
746372,Houston Astros,Colorado Rockies,1,0
746775,Chicago White Sox,Los Angeles Dodgers,1,1
746293,Kansas City Royals,Miami Marlins,1,0
745973,Milwaukee Brewers,Texas Rangers,0,1
746213,Los Angeles Angels,Oakland Athletics,0,0
745399,San Diego Padres,Washington Nationals,1,0
747188,Arizona Diamondbacks,Minnesota Twins,1,0
745322,San Francisco Giants,Chicago Cubs,0,0
745073,Tampa Bay Rays,Seattle Mariners,0,0
746695,Cincinnati Reds,Pittsburgh Pirates,0,0
746456,Detroit Tigers,Philadelphia Phillies,1,1
745157,St. Louis Cardinals,Atlanta Braves,0,0
745158,St. Louis Cardinals,Atlanta Braves,0,0
746374,Houston Astros,Colorado Rockies,0,0
746291,Kansas City Royals,Miami Marlins,0,0
745975,Milwaukee Brewers,Texas Rangers,0,0
746212,Los Angeles Angels,Oakland Athletics,0,0
745400,San Diego Padres,Washington Nationals,0,0
747019,Baltimore Orioles,Cleveland Guardians,0,0
745808,New York Mets,New York Yankees,0,0
746777,Chicago White Sox,Los Angeles Dodgers,0,1
747184,Arizona Diamondbacks,Minnesota Twins,0,0
745325,San Francisco Giants,Chicago Cubs,0,0
747185,Arizona Diamondbacks,Minnesota Twins,0,0
745324,San Francisco Giants,Chicago Cubs,0,0
746816,Chicago White Sox,Atlanta Braves,1,0
745565,Philadelphia Phillies,Miami Marlins,1,0
747020,Baltimore Orioles,Texas Rangers,1,0
744919,Toronto Blue Jays,New York Yankees,1,0
745162,St. Louis Cardinals,Cincinnati Reds,0,1
746288,Kansas City Royals,Cleveland Guardians,0,0
746210,Los Angeles Angels,Detroit Tigers,0,0
745560,Philadelphia Phillies,Miami Marlins,0,0
745070,Tampa Bay Rays,Washington Nationals,0,0
747017,Baltimore Orioles,Texas Rangers,0,0
744922,Toronto Blue Jays,New York Yankees,1,0
745804,New York Mets,Houston Astros,1,1
746939,Boston Red Sox,San Diego Padres,0,0
746776,Chicago White Sox,Colorado Rockies,0,0
747105,Atlanta Braves,Pittsburgh Pirates,0,0
746292,Kansas City Royals,Cleveland Guardians,0,1
745970,Milwaukee Brewers,Chicago Cubs,0,0
745161,St. Louis Cardinals,Cincinnati Reds,0,0
746214,Los Angeles Angels,Detroit Tigers,1,0
747183,Arizona Diamondbacks,Oakland Athletics,1,0
745238,Seattle Mariners,Minnesota Twins,0,0
745319,San Francisco Giants,Los Angeles Dodgers,0,0
746778,Chicago White Sox,Colorado Rockies,0,0
745159,St. Louis Cardinals,Cincinnati Reds,0,0
744921,Toronto Blue Jays,New York Yankees,1,0
745559,Philadelphia Phillies,Miami Marlins,0,0
746289,Kansas City Royals,Cleveland Guardians,1,1
745801,New York Mets,Houston Astros,0,0
747186,Arizona Diamondbacks,Oakland Athletics,0,0
746940,Boston Red Sox,San Diego Padres,0,0
745071,Tampa Bay Rays,Washington Nationals,1,1
747104,Atlanta Braves,Pittsburgh Pirates,1,0
745972,Milwaukee Brewers,Chicago Cubs,0,1
745317,San Francisco Giants,Los Angeles Dodgers,1,0
747018,Baltimore Orioles,Texas Rangers,0,1
746211,Los Angeles Angels,Detroit Tigers,0,1
745239,Seattle Mariners,Minnesota Twins,0,0
747101,Atlanta Braves,Pittsburgh Pirates,0,0
746938,Boston Red Sox,San Diego Padres,1,0
745555,Philadelphia Phillies,Miami Marlins,1,1
744916,Toronto Blue Jays,New York Yankees,0,1
745802,New York Mets,Houston Astros,0,0
745072,Tampa Bay Rays,Washington Nationals,0,0
746290,Kansas City Royals,Cleveland Guardians,1,0
746779,Chicago White Sox,Colorado Rockies,0,0
745971,Milwaukee Brewers,Chicago Cubs,0,1
745154,St. Louis Cardinals,Cincinnati Reds,0,0
745320,San Francisco Giants,Los Angeles Dodgers,1,0
746209,Los Angeles Angels,Detroit Tigers,0,1
747182,Arizona Diamondbacks,Oakland Athletics,0,0
745243,Seattle Mariners,Minnesota Twins,0,1
747016,Baltimore Orioles,Texas Rangers,0,0
744914,Toronto Blue Jays,Houston Astros,0,0
744840,Washington Nationals,New York Mets,0,0
746535,Colorado Rockies,Milwaukee Brewers,0,0
745482,Pittsburgh Pirates,St. Louis Cardinals,0,0
746623,Cleveland Guardians,Chicago White Sox,0,1
746047,Miami Marlins,Boston Red Sox,0,1
744838,Washington Nationals,New York Mets,0,0
745730,New York Yankees,Cincinnati Reds,0,0
744913,Toronto Blue Jays,Houston Astros,1,0
747102,Atlanta Braves,San Francisco Giants,0,0
745886,Minnesota Twins,Detroit Tigers,0,0
744999,Texas Rangers,San Diego Padres,1,0
746860,Chicago Cubs,Philadelphia Phillies,0,0
746282,Kansas City Royals,Tampa Bay Rays,0,0
746537,Colorado Rockies,Milwaukee Brewers,0,0
745647,Oakland Athletics,Los Angeles Angels,0,0
745240,Seattle Mariners,Baltimore Orioles,0,0
746133,Los Angeles Dodgers,Arizona Diamondbacks,1,0
745487,Pittsburgh Pirates,St. Louis Cardinals,0,0
746617,Cleveland Guardians,Chicago White Sox,0,1
746045,Miami Marlins,Boston Red Sox,1,0
744837,Washington Nationals,New York Mets,0,0
745728,New York Yankees,Cincinnati Reds,0,0
744915,Toronto Blue Jays,Houston Astros,1,0
747100,Atlanta Braves,San Francisco Giants,0,0
744998,Texas Rangers,San Diego Padres,0,0
746858,Chicago Cubs,Philadelphia Phillies,0,0
746283,Kansas City Royals,Tampa Bay Rays,0,1
745888,Minnesota Twins,Detroit Tigers,0,0
746534,Colorado Rockies,Milwaukee Brewers,0,1
745643,Oakland Athletics,Los Angeles Angels,0,0
746128,Los Angeles Dodgers,Arizona Diamondbacks,1,1
745234,Seattle Mariners,Baltimore Orioles,0,0
744834,Washington Nationals,New York Mets,0,0
745484,Pittsburgh Pirates,St. Louis Cardinals,0,0
745726,New York Yankees,Cincinnati Reds,0,0
744912,Toronto Blue Jays,Houston Astros,1,1
746619,Cleveland Guardians,Chicago White Sox,1,0
746043,Miami Marlins,Boston Red Sox,0,1
746857,Chicago Cubs,Philadelphia Phillies,0,1
744996,Texas Rangers,San Diego Padres,0,0
745641,Oakland Athletics,Los Angeles Angels,0,0
745236,Seattle Mariners,Baltimore Orioles,0,0
747103,Atlanta Braves,San Francisco Giants,1,0
746285,Kansas City Royals,Tampa Bay Rays,0,1
746532,Colorado Rockies,Milwaukee Brewers,1,0
746126,Los Angeles Dodgers,Arizona Diamondbacks,0,1
746859,Chicago Cubs,Los Angeles Angels,1,0
745479,Pittsburgh Pirates,New York Mets,0,0
744836,Washington Nationals,St. Louis Cardinals,1,0
745725,New York Yankees,Boston Red Sox,0,0
746693,Cincinnati Reds,Detroit Tigers,0,0
746620,Cleveland Guardians,San Francisco Giants,0,1
746046,Miami Marlins,Chicago White Sox,0,0
747097,Atlanta Braves,Philadelphia Phillies,0,0
744992,Texas Rangers,Tampa Bay Rays,0,0
746533,Colorado Rockies,Kansas City Royals,0,1
745884,Minnesota Twins,Houston Astros,0,0
745639,Oakland Athletics,Baltimore Orioles,1,1
745398,San Diego Padres,Arizona Diamondbacks,0,1
745237,Seattle Mariners,Toronto Blue Jays,0,0
746127,Los Angeles Dodgers,Milwaukee Brewers,1,0
745724,New York Yankees,Boston Red Sox,1,0
745885,Minnesota Twins,Houston Astros,1,0
746856,Chicago Cubs,Los Angeles Angels,0,1
745476,Pittsburgh Pirates,New York Mets,0,0
744835,Washington Nationals,St. Louis Cardinals,1,0
744995,Texas Rangers,Tampa Bay Rays,0,0
745642,Oakland Athletics,Baltimore Orioles,1,0
746694,Cincinnati Reds,Detroit Tigers,0,0
746615,Cleveland Guardians,San Francisco Giants,1,0
745235,Seattle Mariners,Toronto Blue Jays,0,0
746044,Miami Marlins,Chicago White Sox,0,1
747099,Atlanta Braves,Philadelphia Phillies,1,0
746129,Los Angeles Dodgers,Milwaukee Brewers,1,1
746529,Colorado Rockies,Kansas City Royals,0,0
745395,San Diego Padres,Arizona Diamondbacks,1,0
745477,Pittsburgh Pirates,New York Mets,0,0
744832,Washington Nationals,St. Louis Cardinals,0,0
747098,Atlanta Braves,Philadelphia Phillies,0,0
746691,Cincinnati Reds,Detroit Tigers,0,0
746616,Cleveland Guardians,San Francisco Giants,0,0
746039,Miami Marlins,Chicago White Sox,0,0
745883,Minnesota Twins,Houston Astros,0,0
746855,Chicago Cubs,Los Angeles Angels,0,0
744993,Texas Rangers,Tampa Bay Rays,1,0
746530,Colorado Rockies,Kansas City Royals,0,0
745637,Oakland Athletics,Baltimore Orioles,0,1
745391,San Diego Padres,Arizona Diamondbacks,1,1
745233,Seattle Mariners,Toronto Blue Jays,0,0
746122,Los Angeles Dodgers,Milwaukee Brewers,0,0
745723,New York Yankees,Boston Red Sox,0,0
745480,Pittsburgh Pirates,New York Mets,0,0
744833,Washington Nationals,St. Louis Cardinals,0,0
746455,Detroit Tigers,Cleveland Guardians,0,0
746692,Cincinnati Reds,Colorado Rockies,0,0
746771,Chicago White Sox,Minnesota Twins,0,1
746208,Los Angeles Angels,Texas Rangers,0,1
747181,Arizona Diamondbacks,Atlanta Braves,0,1
747014,Baltimore Orioles,Chicago Cubs,0,1
746451,Detroit Tigers,Cleveland Guardians,0,1
745557,Philadelphia Phillies,Los Angeles Dodgers,0,0
745074,Tampa Bay Rays,New York Yankees,1,1
746690,Cincinnati Reds,Colorado Rockies,0,0
745803,New York Mets,Washington Nationals,0,0
746937,Boston Red Sox,Oakland Athletics,1,1
746368,Houston Astros,Miami Marlins,0,1
745968,Milwaukee Brewers,Pittsburgh Pirates,0,0
746206,Los Angeles Angels,Texas Rangers,0,1
745393,San Diego Padres,Seattle Mariners,0,1
747180,Arizona Diamondbacks,Atlanta Braves,0,0
745316,San Francisco Giants,Toronto Blue Jays,0,0
745155,St. Louis Cardinals,Kansas City Royals,0,0
745156,St. Louis Cardinals,Kansas City Royals,0,0
746772,Chicago White Sox,Minnesota Twins,0,0
746773,Chicago White Sox,Minnesota Twins,0,0
747015,Baltimore Orioles,Chicago Cubs,0,0
746453,Detroit Tigers,Cleveland Guardians,1,0
745394,San Diego Padres,Seattle Mariners,0,0
745069,Tampa Bay Rays,New York Yankees,0,0
745556,Philadelphia Phillies,Los Angeles Dodgers,1,0
746689,Cincinnati Reds,Colorado Rockies,0,0
745796,New York Mets,Washington Nationals,1,0
746934,Boston Red Sox,Oakland Athletics,0,0
746366,Houston Astros,Miami Marlins,1,0
745969,Milwaukee Brewers,Pittsburgh Pirates,1,0
746205,Los Angeles Angels,Texas Rangers,0,0
747179,Arizona Diamondbacks,Atlanta Braves,0,0
745318,San Francisco Giants,Toronto Blue Jays,1,0
746688,Cincinnati Reds,Colorado Rockies,0,0
746452,Detroit Tigers,Cleveland Guardians,1,0
745799,New York Mets,Washington Nationals,0,0
745967,Milwaukee Brewers,Pittsburgh Pirates,0,0
745313,San Francisco Giants,Toronto Blue Jays,1,1
745558,Philadelphia Phillies,Los Angeles Dodgers,1,0
747011,Baltimore Orioles,Chicago Cubs,0,0
745065,Tampa Bay Rays,New York Yankees,1,0
746935,Boston Red Sox,Oakland Athletics,1,0
746367,Houston Astros,Miami Marlins,1,1
746204,Los Angeles Angels,Seattle Mariners,0,1
747178,Arizona Diamondbacks,Atlanta Braves,0,0
746450,Detroit Tigers,Los Angeles Dodgers,1,0
745552,Philadelphia Phillies,Oakland Athletics,0,0
745064,Tampa Bay Rays,Cleveland Guardians,0,0
747012,Baltimore Orioles,New York Yankees,0,0
746936,Boston Red Sox,Kansas City Royals,0,1
745800,New York Mets,Colorado Rockies,0,0
746685,Cincinnati Reds,Miami Marlins,1,0
746371,Houston Astros,Texas Rangers,0,0
746774,Chicago White Sox,Pittsburgh Pirates,0,0
745965,Milwaukee Brewers,Washington Nationals,0,1
745153,St. Louis Cardinals,Chicago Cubs,0,0
746207,Los Angeles Angels,Seattle Mariners,1,1
747175,Arizona Diamondbacks,Toronto Blue Jays,0,0
745390,San Diego Padres,Atlanta Braves,0,0
745312,San Francisco Giants,Minnesota Twins,1,0
746447,Detroit Tigers,Los Angeles Dodgers,0,1
746766,Chicago White Sox,Pittsburgh Pirates,0,1
745152,St. Louis Cardinals,Chicago Cubs,1,1
745175,St. Louis Cardinals,Chicago Cubs,1,0
745549,Philadelphia Phillies,Oakland Athletics,0,0
747013,Baltimore Orioles,New York Yankees,0,1
746930,Boston Red Sox,Kansas City Royals,0,0
745798,New York Mets,Colorado Rockies,0,0
745067,Tampa Bay Rays,Cleveland Guardians,0,0
746369,Houston Astros,Texas Rangers,1,1
746687,Cincinnati Reds,Miami Marlins,0,0
745963,Milwaukee Brewers,Washington Nationals,1,0
745311,San Francisco Giants,Minnesota Twins,0,0
745392,San Diego Padres,Atlanta Braves,0,0
746202,Los Angeles Angels,Seattle Mariners,0,1
747177,Arizona Diamondbacks,Toronto Blue Jays,1,0
747009,Baltimore Orioles,New York Yankees,0,0
746932,Boston Red Sox,Kansas City Royals,1,1
745551,Philadelphia Phillies,Oakland Athletics,1,0
746449,Detroit Tigers,Los Angeles Dodgers,0,1
745797,New York Mets,Colorado Rockies,0,1
745066,Tampa Bay Rays,Cleveland Guardians,0,0
746686,Cincinnati Reds,Miami Marlins,0,0
746370,Houston Astros,Texas Rangers,0,1
746769,Chicago White Sox,Pittsburgh Pirates,1,0
745962,Milwaukee Brewers,Washington Nationals,1,0
745151,St. Louis Cardinals,Chicago Cubs,0,0
745314,San Francisco Giants,Minnesota Twins,0,0
746201,Los Angeles Angels,Seattle Mariners,0,0
747176,Arizona Diamondbacks,Toronto Blue Jays,0,0
745385,San Diego Padres,Atlanta Braves,1,0
746854,Chicago Cubs,Arizona Diamondbacks,0,0
745481,Pittsburgh Pirates,Philadelphia Phillies,1,1
744829,Washington Nationals,Cincinnati Reds,0,0
745721,New York Yankees,Tampa Bay Rays,0,0
744911,Toronto Blue Jays,Detroit Tigers,0,0
746618,Cleveland Guardians,San Diego Padres,0,0
746040,Miami Marlins,New York Mets,0,0
744990,Texas Rangers,Baltimore Orioles,0,1
746284,Kansas City Royals,Chicago White Sox,1,0
746531,Colorado Rockies,San Francisco Giants,0,0
745640,Oakland Athletics,Los Angeles Angels,0,0
746123,Los Angeles Dodgers,Boston Red Sox,0,0
745228,Seattle Mariners,Houston Astros,0,0
745720,New York Yankees,Tampa Bay Rays,0,0
747093,Atlanta Braves,St. Louis Cardinals,0,0
747096,Atlanta Braves,St. Louis Cardinals,1,1
744910,Toronto Blue Jays,Detroit Tigers,0,0
745638,Oakland Athletics,Los Angeles Angels,1,0
746041,Miami Marlins,New York Mets,0,0
745478,Pittsburgh Pirates,Philadelphia Phillies,0,0
744830,Washington Nationals,Cincinnati Reds,1,1
744994,Texas Rangers,Baltimore Orioles,0,0
746613,Cleveland Guardians,San Diego Padres,0,0
746286,Kansas City Royals,Chicago White Sox,1,0
745880,Minnesota Twins,Milwaukee Brewers,0,0
746852,Chicago Cubs,Arizona Diamondbacks,0,0
746121,Los Angeles Dodgers,Boston Red Sox,0,0
746527,Colorado Rockies,San Francisco Giants,1,0
745229,Seattle Mariners,Houston Astros,0,0
745882,Minnesota Twins,Milwaukee Brewers,0,0
744831,Washington Nationals,Cincinnati Reds,0,0
745470,Pittsburgh Pirates,Philadelphia Phillies,0,0
747094,Atlanta Braves,St. Louis Cardinals,0,0
745722,New York Yankees,Tampa Bay Rays,0,1
744909,Toronto Blue Jays,Detroit Tigers,1,0
746610,Cleveland Guardians,San Diego Padres,0,0
746042,Miami Marlins,New York Mets,0,0
746287,Kansas City Royals,Chicago White Sox,0,0
746853,Chicago Cubs,Arizona Diamondbacks,0,0
744991,Texas Rangers,Baltimore Orioles,0,0
746528,Colorado Rockies,San Francisco Giants,0,1
745633,Oakland Athletics,Los Angeles Angels,0,0
745230,Seattle Mariners,Houston Astros,0,0
746125,Los Angeles Dodgers,Boston Red Sox,1,1
745717,New York Yankees,Tampa Bay Rays,0,0
746612,Cleveland Guardians,Detroit Tigers,0,1
745473,Pittsburgh Pirates,St. Louis Cardinals,0,0
746034,Miami Marlins,New York Mets,0,0
747095,Atlanta Braves,Cincinnati Reds,0,1
745881,Minnesota Twins,Philadelphia Phillies,0,1
744988,Texas Rangers,Chicago White Sox,0,1
746850,Chicago Cubs,Milwaukee Brewers,0,0
746280,Kansas City Royals,Arizona Diamondbacks,0,0
746526,Colorado Rockies,Boston Red Sox,0,0
745635,Oakland Athletics,Houston Astros,0,0
745232,Seattle Mariners,Los Angeles Angels,1,0
746124,Los Angeles Dodgers,San Francisco Giants,0,0
746614,Cleveland Guardians,Detroit Tigers,0,0
745475,Pittsburgh Pirates,St. Louis Cardinals,0,0
746036,Miami Marlins,Baltimore Orioles,0,1
744828,Washington Nationals,San Diego Padres,0,0
745715,New York Yankees,New York Mets,0,0
744904,Toronto Blue Jays,Tampa Bay Rays,0,0
745878,Minnesota Twins,Philadelphia Phillies,0,0
744985,Texas Rangers,Chicago White Sox,1,0
746848,Chicago Cubs,Milwaukee Brewers,0,0
746281,Kansas City Royals,Arizona Diamondbacks,1,1
746524,Colorado Rockies,Boston Red Sox,0,1
745632,Oakland Athletics,Houston Astros,1,0
745227,Seattle Mariners,Los Angeles Angels,0,0
746118,Los Angeles Dodgers,San Francisco Giants,1,0
747091,Atlanta Braves,Cincinnati Reds,1,1
745472,Pittsburgh Pirates,St. Louis Cardinals,0,0
745877,Minnesota Twins,Philadelphia Phillies,0,0
746851,Chicago Cubs,Milwaukee Brewers,1,1
746525,Colorado Rockies,Boston Red Sox,1,0
745634,Oakland Athletics,Houston Astros,1,1
745231,Seattle Mariners,Los Angeles Angels,0,0
746611,Cleveland Guardians,Detroit Tigers,0,1
746035,Miami Marlins,Baltimore Orioles,0,0
744824,Washington Nationals,San Diego Padres,1,0
745716,New York Yankees,New York Mets,1,0
744905,Toronto Blue Jays,Tampa Bay Rays,1,0
744989,Texas Rangers,Chicago White Sox,1,0
746279,Kansas City Royals,Arizona Diamondbacks,0,0
746119,Los Angeles Dodgers,San Francisco Giants,1,0
744827,Washington Nationals,San Diego Padres,0,1
746037,Miami Marlins,Baltimore Orioles,0,1
746609,Cleveland Guardians,Detroit Tigers,0,0
744984,Texas Rangers,Chicago White Sox,0,0
744907,Toronto Blue Jays,Tampa Bay Rays,0,1
746117,Los Angeles Dodgers,San Francisco Giants,0,0
745794,New York Mets,Atlanta Braves,0,0
746199,Los Angeles Angels,Oakland Athletics,0,1
746448,Detroit Tigers,Minnesota Twins,0,1
745554,Philadelphia Phillies,Cleveland Guardians,0,1
745068,Tampa Bay Rays,Cincinnati Reds,0,1
747010,Baltimore Orioles,San Diego Padres,0,0
744906,Toronto Blue Jays,Texas Rangers,1,1
745792,New York Mets,Atlanta Braves,0,0
746933,Boston Red Sox,New York Yankees,1,0
746277,Kansas City Royals,Chicago Cubs,0,0
746361,Houston Astros,Los Angeles Dodgers,0,0
746767,Chicago White Sox,Seattle Mariners,0,1
745964,Milwaukee Brewers,Miami Marlins,0,1
745146,St. Louis Cardinals,Washington Nationals,0,0
746200,Los Angeles Angels,Oakland Athletics,1,0
747174,Arizona Diamondbacks,Pittsburgh Pirates,0,1
745315,San Francisco Giants,Colorado Rockies,1,0
744908,Toronto Blue Jays,Texas Rangers,1,1
747006,Baltimore Orioles,San Diego Padres,0,0
745059,Tampa Bay Rays,Cincinnati Reds,0,0
745793,New York Mets,Atlanta Braves,0,0
745553,Philadelphia Phillies,Cleveland Guardians,0,0
746446,Detroit Tigers,Minnesota Twins,1,1
745307,San Francisco Giants,Colorado Rockies,0,0
745310,San Francisco Giants,Colorado Rockies,1,0
746278,Kansas City Royals,Chicago Cubs,0,1
746362,Houston Astros,Los Angeles Dodgers,0,0
745966,Milwaukee Brewers,Miami Marlins,0,0
745150,St. Louis Cardinals,Washington Nationals,0,0
746768,Chicago White Sox,Seattle Mariners,0,0
746931,Boston Red Sox,New York Yankees,1,1
747171,Arizona Diamondbacks,Pittsburgh Pirates,1,1
746203,Los Angeles Angels,Oakland Athletics,0,1
745063,Tampa Bay Rays,Cincinnati Reds,0,0
747008,Baltimore Orioles,San Diego Padres,0,0
745550,Philadelphia Phillies,Cleveland Guardians,1,0
744902,Toronto Blue Jays,Texas Rangers,1,0
746445,Detroit Tigers,Minnesota Twins,0,0
745795,New York Mets,Atlanta Braves,0,0
746274,Kansas City Royals,Chicago Cubs,1,0
746364,Houston Astros,Los Angeles Dodgers,0,0
746770,Chicago White Sox,Seattle Mariners,0,1
745961,Milwaukee Brewers,Miami Marlins,1,1
745145,St. Louis Cardinals,Washington Nationals,1,0
745305,San Francisco Giants,Colorado Rockies,1,0
746195,Los Angeles Angels,Oakland Athletics,0,0
747173,Arizona Diamondbacks,Pittsburgh Pirates,0,0
746929,Boston Red Sox,New York Yankees,0,1
747007,Baltimore Orioles,Toronto Blue Jays,1,0
747039,Baltimore Orioles,Toronto Blue Jays,1,1
746444,Detroit Tigers,Cleveland Guardians,0,1
745547,Philadelphia Phillies,New York Yankees,0,1
746684,Cincinnati Reds,Chicago Cubs,0,0
746928,Boston Red Sox,Seattle Mariners,0,0
745791,New York Mets,Minnesota Twins,0,1
745147,St. Louis Cardinals,Texas Rangers,0,0
746360,Houston Astros,Pittsburgh Pirates,0,0
746765,Chicago White Sox,Kansas City Royals,1,0
745959,Milwaukee Brewers,Atlanta Braves,0,0
747172,Arizona Diamondbacks,Washington Nationals,0,1
746441,Detroit Tigers,Cleveland Guardians,0,0
747005,Baltimore Orioles,Toronto Blue Jays,1,0
745546,Philadelphia Phillies,New York Yankees,1,1
745060,Tampa Bay Rays,Miami Marlins,0,1
746683,Cincinnati Reds,Chicago Cubs,1,0
746926,Boston Red Sox,Seattle Mariners,0,1
745787,New York Mets,Minnesota Twins,0,0
745149,St. Louis Cardinals,Texas Rangers,1,0
746365,Houston Astros,Pittsburgh Pirates,0,0
746763,Chicago White Sox,Kansas City Royals,1,0
745958,Milwaukee Brewers,Atlanta Braves,0,0
746197,Los Angeles Angels,Colorado Rockies,1,1
747167,Arizona Diamondbacks,Washington Nationals,1,0
745389,San Diego Padres,Los Angeles Dodgers,0,1
745309,San Francisco Giants,Oakland Athletics,0,0
745061,Tampa Bay Rays,Miami Marlins,1,0
747003,Baltimore Orioles,Toronto Blue Jays,1,0
745543,Philadelphia Phillies,New York Yankees,0,0
745789,New York Mets,Minnesota Twins,0,0
746764,Chicago White Sox,Kansas City Royals,0,1
745960,Milwaukee Brewers,Atlanta Braves,1,0
745148,St. Louis Cardinals,Texas Rangers,0,0
747170,Arizona Diamondbacks,Washington Nationals,0,0
746925,Boston Red Sox,Seattle Mariners,1,0
746678,Cincinnati Reds,Chicago Cubs,0,0
746363,Houston Astros,Pittsburgh Pirates,0,0
745386,San Diego Padres,Los Angeles Dodgers,0,0
746198,Los Angeles Angels,Colorado Rockies,0,1
745306,San Francisco Giants,Oakland Athletics,0,0
746607,Cleveland Guardians,Baltimore Orioles,1,1
746442,Detroit Tigers,Kansas City Royals,0,1
747092,Atlanta Braves,Miami Marlins,1,0
746849,Chicago Cubs,St. Louis Cardinals,0,1
746196,Los Angeles Angels,Colorado Rockies,0,0
746845,Chicago Cubs,St. Louis Cardinals,0,0
746443,Detroit Tigers,Kansas City Royals,1,0
745471,Pittsburgh Pirates,Arizona Diamondbacks,0,1
744825,Washington Nationals,Milwaukee Brewers,0,0
745719,New York Yankees,Toronto Blue Jays,1,1
746605,Cleveland Guardians,Baltimore Orioles,0,0
746679,Cincinnati Reds,San Francisco Giants,0,0
747089,Atlanta Braves,Miami Marlins,0,1
744986,Texas Rangers,Boston Red Sox,1,0
746354,Houston Astros,Tampa Bay Rays,0,1
745875,Minnesota Twins,Chicago White Sox,1,0
746193,Los Angeles Angels,New York Mets,0,0
745631,Oakland Athletics,Los Angeles Dodgers,0,1
745387,San Diego Padres,Colorado Rockies,0,0
745224,Seattle Mariners,Philadelphia Phillies,1,0
745714,New York Yankees,Toronto Blue Jays,1,1
746846,Chicago Cubs,St. Louis Cardinals,1,1
744823,Washington Nationals,Milwaukee Brewers,1,0
746440,Detroit Tigers,Kansas City Royals,0,0
745474,Pittsburgh Pirates,Arizona Diamondbacks,0,0
744987,Texas Rangers,Boston Red Sox,0,1
745876,Minnesota Twins,Chicago White Sox,0,0
746608,Cleveland Guardians,Baltimore Orioles,0,0
746681,Cincinnati Reds,San Francisco Giants,0,0
746358,Houston Astros,Tampa Bay Rays,0,0
747087,Atlanta Braves,Miami Marlins,1,0
745388,San Diego Padres,Colorado Rockies,0,0
745636,Oakland Athletics,Los Angeles Dodgers,0,0
746194,Los Angeles Angels,New York Mets,1,0
745225,Seattle Mariners,Philadelphia Phillies,0,1
746680,Cincinnati Reds,San Francisco Giants,0,0
745468,Pittsburgh Pirates,Arizona Diamondbacks,1,0
747088,Atlanta Braves,Miami Marlins,0,0
745718,New York Yankees,Toronto Blue Jays,0,0
744826,Washington Nationals,Milwaukee Brewers,1,0
746606,Cleveland Guardians,Baltimore Orioles,0,1
746439,Detroit Tigers,Kansas City Royals,0,0
746356,Houston Astros,Tampa Bay Rays,0,0
745879,Minnesota Twins,Chicago White Sox,1,0
744979,Texas Rangers,Boston Red Sox,1,0
746191,Los Angeles Angels,New York Mets,0,0
745627,Oakland Athletics,Los Angeles Dodgers,1,1
745384,San Diego Padres,Colorado Rockies,0,0
745222,Seattle Mariners,Philadelphia Phillies,0,1
746844,Chicago Cubs,St. Louis Cardinals,0,0
745184,St. Louis Cardinals,New York Mets,0,0
746600,Cleveland Guardians,Arizona Diamondbacks,1,1
746038,Miami Marlins,Cincinnati Reds,0,1
744821,Washington Nationals,San Francisco Giants,0,1
744982,Texas Rangers,Houston Astros,0,0
746847,Chicago Cubs,Minnesota Twins,0,0
746276,Kansas City Royals,Boston Red Sox,0,0
745628,Oakland Athletics,Chicago White Sox,1,0
746116,Los Angeles Dodgers,Philadelphia Phillies,0,0
745467,Pittsburgh Pirates,San Diego Padres,0,0
746033,Miami Marlins,Cincinnati Reds,0,0
744817,Washington Nationals,San Francisco Giants,0,1
744901,Toronto Blue Jays,Baltimore Orioles,0,0
747086,Atlanta Braves,Milwaukee Brewers,0,1
745141,St. Louis Cardinals,Tampa Bay Rays,0,1
744983,Texas Rangers,Houston Astros,0,0
746840,Chicago Cubs,Minnesota Twins,1,0
746273,Kansas City Royals,Boston Red Sox,1,0
746519,Colorado Rockies,New York Mets,0,0
745221,Seattle Mariners,Detroit Tigers,0,0
745629,Oakland Athletics,Chicago White Sox,0,0
746120,Los Angeles Dodgers,Philadelphia Phillies,0,0
746604,Cleveland Guardians,Arizona Diamondbacks,0,0
746602,Cleveland Guardians,Arizona Diamondbacks,0,0
746842,Chicago Cubs,Minnesota Twins,1,1
744981,Texas Rangers,Houston Astros,0,1
745630,Oakland Athletics,Chicago White Sox,0,0
745709,New York Yankees,Los Angeles Angels,1,0
745713,New York Yankees,Los Angeles Angels,0,0
745469,Pittsburgh Pirates,San Diego Padres,1,0
746031,Miami Marlins,Cincinnati Reds,1,0
744822,Washington Nationals,San Francisco Giants,0,0
744903,Toronto Blue Jays,Baltimore Orioles,1,1
747085,Atlanta Braves,Milwaukee Brewers,1,0
745142,St. Louis Cardinals,Tampa Bay Rays,1,0
746272,Kansas City Royals,Boston Red Sox,1,0
746521,Colorado Rockies,New York Mets,1,1
745223,Seattle Mariners,Detroit Tigers,0,1
746115,Los Angeles Dodgers,Philadelphia Phillies,1,1
744819,Washington Nationals,San Francisco Giants,1,1
747081,Atlanta Braves,Milwaukee Brewers,0,1
745466,Pittsburgh Pirates,San Diego Padres,0,1
746522,Colorado Rockies,New York Mets,0,1
746030,Miami Marlins,Cincinnati Reds,0,1
745710,New York Yankees,Los Angeles Angels,0,1
744899,Toronto Blue Jays,Baltimore Orioles,1,0
745143,St. Louis Cardinals,Tampa Bay Rays,1,1
745226,Seattle Mariners,Detroit Tigers,0,0
747169,Arizona Diamondbacks,Philadelphia Phillies,0,0
745927,Minnesota Twins,Cleveland Guardians,1,0
745871,Minnesota Twins,Cleveland Guardians,1,0
744818,Washington Nationals,Los Angeles Angels,1,0
745062,Tampa Bay Rays,Baltimore Orioles,0,1
744900,Toronto Blue Jays,Oakland Athletics,1,0
746927,Boston Red Sox,Houston Astros,0,1
746032,Miami Marlins,San Diego Padres,0,0
746275,Kansas City Royals,St. Louis Cardinals,0,1
746760,Chicago White Sox,Chicago Cubs,0,1
745957,Milwaukee Brewers,Cincinnati Reds,1,0
746523,Colorado Rockies,Atlanta Braves,0,1
747168,Arizona Diamondbacks,Philadelphia Phillies,1,0
746113,Los Angeles Dodgers,Pittsburgh Pirates,1,0
745220,Seattle Mariners,New York Mets,0,0
745308,San Francisco Giants,Detroit Tigers,0,0
745712,New York Yankees,Texas Rangers,1,0
745708,New York Yankees,Texas Rangers,0,0
744897,Toronto Blue Jays,Oakland Athletics,0,0
745304,San Francisco Giants,Detroit Tigers,0,0
746922,Boston Red Sox,Houston Astros,0,1
746026,Miami Marlins,San Diego Padres,0,1
744820,Washington Nationals,Los Angeles Angels,0,0
746269,Kansas City Royals,St. Louis Cardinals,0,0
745873,Minnesota Twins,Cleveland Guardians,0,1
745955,Milwaukee Brewers,Cincinnati Reds,0,0
745056,Tampa Bay Rays,Baltimore Orioles,0,1
746761,Chicago White Sox,Chicago Cubs,0,0
747164,Arizona Diamondbacks,Philadelphia Phillies,1,0
746520,Colorado Rockies,Atlanta Braves,0,0
746112,Los Angeles Dodgers,Pittsburgh Pirates,1,0
745219,Seattle Mariners,New York Mets,1,0
744816,Washington Nationals,Los Angeles Angels,0,0
746923,Boston Red Sox,Houston Astros,0,0
745711,New York Yankees,Texas Rangers,1,0
744895,Toronto Blue Jays,Oakland Athletics,0,1
745057,Tampa Bay Rays,Baltimore Orioles,0,0
746025,Miami Marlins,San Diego Padres,1,0
745872,Minnesota Twins,Cleveland Guardians,0,0
745956,Milwaukee Brewers,Cincinnati Reds,0,0
746517,Colorado Rockies,Atlanta Braves,0,1
745303,San Francisco Giants,Detroit Tigers,1,1
746114,Los Angeles Dodgers,Pittsburgh Pirates,1,0
747166,Arizona Diamondbacks,Philadelphia Phillies,1,1
745216,Seattle Mariners,New York Mets,0,0
746603,Cleveland Guardians,Chicago Cubs,0,0
746682,Cincinnati Reds,St. Louis Cardinals,0,0
745058,Tampa Bay Rays,Houston Astros,0,1
746921,Boston Red Sox,Texas Rangers,0,0
745874,Minnesota Twins,Kansas City Royals,0,1
746762,Chicago White Sox,New York Yankees,1,1
745953,Milwaukee Brewers,Los Angeles Dodgers,0,0
746192,Los Angeles Angels,Toronto Blue Jays,0,0
747165,Arizona Diamondbacks,Colorado Rockies,0,0
745383,San Diego Padres,Pittsburgh Pirates,0,0
745300,San Francisco Giants,Atlanta Braves,0,0
747004,Baltimore Orioles,Washington Nationals,0,1
746601,Cleveland Guardians,Chicago Cubs,0,0
746435,Detroit Tigers,Seattle Mariners,1,0
746673,Cincinnati Reds,St. Louis Cardinals,1,0
745548,Philadelphia Phillies,Miami Marlins,0,1
745055,Tampa Bay Rays,Houston Astros,0,0
745788,New York Mets,Oakland Athletics,0,1
745867,Minnesota Twins,Kansas City Royals,1,0
746757,Chicago White Sox,New York Yankees,0,0
745954,Milwaukee Brewers,Los Angeles Dodgers,0,0
746187,Los Angeles Angels,Toronto Blue Jays,0,1
747160,Arizona Diamondbacks,Colorado Rockies,0,0
745302,San Francisco Giants,Atlanta Braves,0,0
746924,Boston Red Sox,Texas Rangers,1,0
745382,San Diego Padres,Pittsburgh Pirates,1,0
745869,Minnesota Twins,Kansas City Royals,0,0
747163,Arizona Diamondbacks,Colorado Rockies,1,0
745381,San Diego Padres,Pittsburgh Pirates,1,0
746919,Boston Red Sox,Texas Rangers,0,0
747000,Baltimore Orioles,Washington Nationals,1,0
746598,Cleveland Guardians,Chicago Cubs,0,0
746436,Detroit Tigers,Seattle Mariners,0,0
746677,Cincinnati Reds,St. Louis Cardinals,0,0
745544,Philadelphia Phillies,Miami Marlins,0,1
745053,Tampa Bay Rays,Houston Astros,0,0
745790,New York Mets,Oakland Athletics,0,0
746759,Chicago White Sox,New York Yankees,0,1
745951,Milwaukee Brewers,Los Angeles Dodgers,0,1
746188,Los Angeles Angels,Toronto Blue Jays,0,0
745301,San Francisco Giants,Atlanta Braves,1,1
745783,New York Mets,Oakland Athletics,0,0
746437,Detroit Tigers,Seattle Mariners,0,1
745950,Milwaukee Brewers,Los Angeles Dodgers,1,0
745298,San Francisco Giants,Atlanta Braves,0,0
747002,Baltimore Orioles,Boston Red Sox,0,0
745545,Philadelphia Phillies,Washington Nationals,1,0
744980,Texas Rangers,Minnesota Twins,1,0
746843,Chicago Cubs,Toronto Blue Jays,1,0
746674,Cincinnati Reds,Kansas City Royals,0,0
745462,Pittsburgh Pirates,Seattle Mariners,0,0
745542,Philadelphia Phillies,Washington Nationals,0,0
746438,Detroit Tigers,New York Yankees,0,1
745054,Tampa Bay Rays,Arizona Diamondbacks,0,1
747001,Baltimore Orioles,Boston Red Sox,0,1
745784,New York Mets,Miami Marlins,1,0
744974,Texas Rangers,Minnesota Twins,0,0
746357,Houston Astros,Chicago White Sox,0,0
745949,Milwaukee Brewers,Cleveland Guardians,1,0
745144,St. Louis Cardinals,Los Angeles Dodgers,0,0
746518,Colorado Rockies,San Diego Padres,1,0
746189,Los Angeles Angels,Atlanta Braves,0,0
745463,Pittsburgh Pirates,Seattle Mariners,1,0
746434,Detroit Tigers,New York Yankees,1,0
746841,Chicago Cubs,Toronto Blue Jays,1,0
745049,Tampa Bay Rays,Arizona Diamondbacks,1,0
745785,New York Mets,Miami Marlins,1,0
745537,Philadelphia Phillies,Washington Nationals,0,0
746675,Cincinnati Reds,Kansas City Royals,0,1
746997,Baltimore Orioles,Boston Red Sox,0,0
744977,Texas Rangers,Minnesota Twins,0,0
745626,Oakland Athletics,San Francisco Giants,0,0
746355,Houston Astros,Chicago White Sox,0,1
745140,St. Louis Cardinals,Los Angeles Dodgers,1,1
745952,Milwaukee Brewers,Cleveland Guardians,1,0
746515,Colorado Rockies,San Diego Padres,0,0
746190,Los Angeles Angels,Atlanta Braves,0,1
745786,New York Mets,Miami Marlins,0,0
746999,Baltimore Orioles,Boston Red Sox,0,0
745464,Pittsburgh Pirates,Seattle Mariners,0,1
745539,Philadelphia Phillies,Washington Nationals,1,0
746676,Cincinnati Reds,Kansas City Royals,0,0
745051,Tampa Bay Rays,Arizona Diamondbacks,0,0
746359,Houston Astros,Chicago White Sox,0,0
745948,Milwaukee Brewers,Cleveland Guardians,1,0
745139,St. Louis Cardinals,Los Angeles Dodgers,0,0
746838,Chicago Cubs,Toronto Blue Jays,0,0
744975,Texas Rangers,Minnesota Twins,0,1
746516,Colorado Rockies,San Diego Padres,0,0
745621,Oakland Athletics,San Francisco Giants,0,0
746186,Los Angeles Angels,Atlanta Braves,0,1
746431,Detroit Tigers,New York Yankees,0,0
746027,Miami Marlins,Arizona Diamondbacks,0,0
744898,Toronto Blue Jays,Cincinnati Reds,1,0
745780,New York Mets,Baltimore Orioles,1,0
744976,Texas Rangers,Pittsburgh Pirates,1,0
746351,Houston Astros,Boston Red Sox,0,1
746270,Kansas City Royals,Los Angeles Angels,0,0
745620,Oakland Athletics,Tampa Bay Rays,1,0
745380,San Diego Padres,Minnesota Twins,1,1
745294,San Francisco Giants,Chicago White Sox,0,0
746109,Los Angeles Dodgers,Seattle Mariners,0,0
746029,Miami Marlins,Arizona Diamondbacks,0,1
744814,Washington Nationals,Colorado Rockies,0,1
745707,New York Yankees,Cleveland Guardians,1,0
744896,Toronto Blue Jays,Cincinnati Reds,1,0
745782,New York Mets,Baltimore Orioles,0,1
747083,Atlanta Braves,Philadelphia Phillies,0,0
745136,St. Louis Cardinals,Milwaukee Brewers,0,0
746839,Chicago Cubs,Detroit Tigers,0,0
744978,Texas Rangers,Pittsburgh Pirates,0,0
746349,Houston Astros,Boston Red Sox,1,1
746266,Kansas City Royals,Los Angeles Angels,0,0
745624,Oakland Athletics,Tampa Bay Rays,0,0
745374,San Diego Padres,Minnesota Twins,0,0
745295,San Francisco Giants,Chicago White Sox,0,0
746107,Los Angeles Dodgers,Seattle Mariners,0,1
745781,New York Mets,Baltimore Orioles,0,0
746350,Houston Astros,Boston Red Sox,1,1
744973,Texas Rangers,Pittsburgh Pirates,0,0
745297,San Francisco Giants,Chicago White Sox,0,1
745375,San Diego Padres,Minnesota Twins,0,0
746028,Miami Marlins,Arizona Diamondbacks,1,1
744812,Washington Nationals,Colorado Rockies,0,0
745704,New York Yankees,Cleveland Guardians,1,0
744893,Toronto Blue Jays,Cincinnati Reds,1,0
747084,Atlanta Braves,Philadelphia Phillies,0,0
745138,St. Louis Cardinals,Milwaukee Brewers,0,0
746837,Chicago Cubs,Detroit Tigers,0,0
746267,Kansas City Royals,Los Angeles Angels,0,0
745622,Oakland Athletics,Tampa Bay Rays,1,0
746110,Los Angeles Dodgers,Seattle Mariners,0,0
744815,Washington Nationals,Colorado Rockies,0,0
745705,New York Yankees,Cleveland Guardians,0,0
745137,St. Louis Cardinals,Milwaukee Brewers,0,0
746836,Chicago Cubs,Detroit Tigers,0,0
745623,Oakland Athletics,Tampa Bay Rays,0,0
745465,Pittsburgh Pirates,Cincinnati Reds,0,0
744894,Toronto Blue Jays,Los Angeles Angels,0,0
746998,Baltimore Orioles,Houston Astros,0,0
747082,Atlanta Braves,Philadelphia Phillies,0,1
745379,San Diego Padres,New York Mets,0,1
745460,Pittsburgh Pirates,Cincinnati Reds,0,1
746995,Baltimore Orioles,Houston Astros,0,0
745702,New York Yankees,Colorado Rockies,0,0
744889,Toronto Blue Jays,Los Angeles Angels,0,0
746920,Boston Red Sox,Arizona Diamondbacks,1,1
746597,Cleveland Guardians,Texas Rangers,0,0
746024,Miami Marlins,Chicago Cubs,0,0
747080,Atlanta Braves,Washington Nationals,1,0
745870,Minnesota Twins,St. Louis Cardinals,0,0
746268,Kansas City Royals,Philadelphia Phillies,1,0
746758,Chicago White Sox,Detroit Tigers,0,1
745378,San Diego Padres,New York Mets,1,0
745625,Oakland Athletics,Milwaukee Brewers,1,0
745217,Seattle Mariners,San Francisco Giants,0,1
746111,Los Angeles Dodgers,Tampa Bay Rays,0,1
745703,New York Yankees,Colorado Rockies,0,1
744890,Toronto Blue Jays,Los Angeles Angels,1,0
746996,Baltimore Orioles,Houston Astros,0,1
745617,Oakland Athletics,Milwaukee Brewers,1,0
746917,Boston Red Sox,Arizona Diamondbacks,0,0
745218,Seattle Mariners,San Francisco Giants,0,1
746022,Miami Marlins,Chicago Cubs,0,1
745457,Pittsburgh Pirates,Cincinnati Reds,0,1
746599,Cleveland Guardians,Texas Rangers,1,1
745868,Minnesota Twins,St. Louis Cardinals,0,0
746271,Kansas City Royals,Philadelphia Phillies,0,0
746756,Chicago White Sox,Detroit Tigers,0,1
747077,Atlanta Braves,Washington Nationals,0,0
745377,San Diego Padres,New York Mets,0,1
746108,Los Angeles Dodgers,Tampa Bay Rays,0,1
747078,Atlanta Braves,Washington Nationals,0,1
746918,Boston Red Sox,Arizona Diamondbacks,1,0
745459,Pittsburgh Pirates,Cincinnati Reds,1,0
745706,New York Yankees,Colorado Rockies,1,1
744892,Toronto Blue Jays,Los Angeles Angels,0,0
746595,Cleveland Guardians,Texas Rangers,1,0
746023,Miami Marlins,Chicago Cubs,1,0
745863,Minnesota Twins,St. Louis Cardinals,1,0
746263,Kansas City Royals,Philadelphia Phillies,0,0
746754,Chicago White Sox,Detroit Tigers,1,0
745618,Oakland Athletics,Milwaukee Brewers,0,0
745376,San Diego Padres,New York Mets,0,0
745212,Seattle Mariners,San Francisco Giants,1,1
746106,Los Angeles Dodgers,Tampa Bay Rays,0,0
746994,Baltimore Orioles,Houston Astros,0,0
746942,Boston Red Sox,Toronto Blue Jays,0,0
746628,Cleveland Guardians,Kansas City Royals,0,0
746596,Cleveland Guardians,Kansas City Royals,1,0
746942,Boston Red Sox,Toronto Blue Jays,0,0
745458,Pittsburgh Pirates,Chicago Cubs,0,0
745538,Philadelphia Phillies,Houston Astros,0,0
744813,Washington Nationals,New York Yankees,0,1
746915,Boston Red Sox,Toronto Blue Jays,0,0
745865,Minnesota Twins,Atlanta Braves,1,1
745133,St. Louis Cardinals,San Diego Padres,0,1
746753,Chicago White Sox,Detroit Tigers,1,0
746513,Colorado Rockies,Miami Marlins,0,0
745215,Seattle Mariners,Tampa Bay Rays,0,0
746429,Detroit Tigers,Los Angeles Angels,0,1
746594,Cleveland Guardians,Kansas City Royals,0,0
746671,Cincinnati Reds,Oakland Athletics,0,0
745461,Pittsburgh Pirates,Chicago Cubs,1,0
745540,Philadelphia Phillies,Houston Astros,0,0
744811,Washington Nationals,New York Yankees,0,0
746916,Boston Red Sox,Toronto Blue Jays,1,0
745864,Minnesota Twins,Atlanta Braves,0,0
745132,St. Louis Cardinals,San Diego Padres,1,0
745946,Milwaukee Brewers,San Francisco Giants,0,0
746510,Colorado Rockies,Miami Marlins,1,0
747162,Arizona Diamondbacks,New York Mets,0,0
745213,Seattle Mariners,Tampa Bay Rays,0,0
746105,Los Angeles Dodgers,Baltimore Orioles,0,0
746755,Chicago White Sox,Texas Rangers,0,1
745452,Pittsburgh Pirates,Chicago Cubs,1,1
746589,Cleveland Guardians,Kansas City Royals,1,1
745541,Philadelphia Phillies,Houston Astros,0,1
745211,Seattle Mariners,Tampa Bay Rays,0,0
746755,Chicago White Sox,Texas Rangers,0,1
746430,Detroit Tigers,Los Angeles Angels,0,0
746672,Cincinnati Reds,Oakland Athletics,0,1
744809,Washington Nationals,New York Yankees,1,0
746913,Boston Red Sox,Toronto Blue Jays,1,0
745866,Minnesota Twins,Atlanta Braves,0,1
745134,St. Louis Cardinals,San Diego Padres,0,1
746752,Chicago White Sox,Texas Rangers,1,0
745943,Milwaukee Brewers,San Francisco Giants,0,0
746512,Colorado Rockies,Miami Marlins,0,0
747161,Arizona Diamondbacks,New York Mets,0,0
746103,Los Angeles Dodgers,Baltimore Orioles,1,0
746432,Detroit Tigers,Los Angeles Angels,0,0
746748,Chicago White Sox,Texas Rangers,0,0
745945,Milwaukee Brewers,San Francisco Giants,0,0
745135,St. Louis Cardinals,San Diego Padres,0,0
746514,Colorado Rockies,Miami Marlins,0,0
747159,Arizona Diamondbacks,New York Mets,0,0
746670,Cincinnati Reds,Oakland Athletics,0,1
745531,Philadelphia Phillies,Atlanta Braves,0,0
746914,Boston Red Sox,Toronto Blue Jays,0,0
746352,Houston Astros,Kansas City Royals,0,0
746102,Los Angeles Dodgers,Baltimore Orioles,0,0
746730,Cincinnati Reds,Milwaukee Brewers,1,0
746665,Cincinnati Reds,Milwaukee Brewers,0,0
746433,Detroit Tigers,Boston Red Sox,0,1
745533,Philadelphia Phillies,Atlanta Braves,0,0
744810,Washington Nationals,Chicago Cubs,1,0
745052,Tampa Bay Rays,San Diego Padres,0,1
745700,New York Yankees,St. Louis Cardinals,0,0
746593,Cleveland Guardians,Pittsburgh Pirates,1,0
744969,Texas Rangers,Oakland Athletics,0,1
746353,Houston Astros,Kansas City Royals,0,0
745862,Minnesota Twins,Toronto Blue Jays,0,0
746749,Chicago White Sox,New York Mets,1,0
746511,Colorado Rockies,Baltimore Orioles,0,0
746184,Los Angeles Angels,Seattle Mariners,1,1
747156,Arizona Diamondbacks,Los Angeles Dodgers,1,1
745299,San Francisco Giants,Miami Marlins,0,0
745699,New York Yankees,St. Louis Cardinals,0,0
744808,Washington Nationals,Chicago Cubs,0,0
745050,Tampa Bay Rays,San Diego Padres,1,1
746424,Detroit Tigers,Boston Red Sox,0,1
746590,Cleveland Guardians,Pittsburgh Pirates,0,0
744971,Texas Rangers,Oakland Athletics,0,0
746348,Houston Astros,Kansas City Royals,0,0
745859,Minnesota Twins,Toronto Blue Jays,0,1
746751,Chicago White Sox,New York Mets,0,1
745532,Philadelphia Phillies,Atlanta Braves,0,0
746667,Cincinnati Reds,Milwaukee Brewers,0,0
746507,Colorado Rockies,Baltimore Orioles,0,0
747158,Arizona Diamondbacks,Los Angeles Dodgers,1,1
745296,San Francisco Giants,Miami Marlins,0,0
746182,Los Angeles Angels,Seattle Mariners,0,0
746669,Cincinnati Reds,Milwaukee Brewers,0,0
744806,Washington Nationals,Chicago Cubs,0,0
745701,New York Yankees,St. Louis Cardinals,0,0
746426,Detroit Tigers,Boston Red Sox,0,0
746592,Cleveland Guardians,Pittsburgh Pirates,1,0
745048,Tampa Bay Rays,San Diego Padres,0,0
746347,Houston Astros,Kansas City Royals,0,0
745861,Minnesota Twins,Toronto Blue Jays,0,1
746750,Chicago White Sox,New York Mets,0,0
744970,Texas Rangers,Oakland Athletics,1,0
746505,Colorado Rockies,Baltimore Orioles,0,1
745292,San Francisco Giants,Miami Marlins,1,0
746183,Los Angeles Angels,Seattle Mariners,1,0
747157,Arizona Diamondbacks,Los Angeles Dodgers,0,0
745536,Philadelphia Phillies,Atlanta Braves,0,0
745947,Milwaukee Brewers,St. Louis Cardinals,1,0
746992,Baltimore Orioles,Chicago White Sox,1,1
746668,Cincinnati Reds,Houston Astros,1,0
746265,Kansas City Royals,Cleveland Guardians,0,0
747155,Arizona Diamondbacks,Los Angeles Dodgers,0,0
745373,San Diego Padres,Detroit Tigers,0,0
745046,Tampa Bay Rays,Minnesota Twins,1,1
745619,Oakland Athletics,Seattle Mariners,0,1
745779,New York Mets,Boston Red Sox,0,0
746833,Chicago Cubs,Pittsburgh Pirates,0,0
744972,Texas Rangers,New York Yankees,0,0
746991,Baltimore Orioles,Chicago White Sox,1,0
746020,Miami Marlins,Washington Nationals,0,0
745047,Tampa Bay Rays,Minnesota Twins,0,0
744891,Toronto Blue Jays,Philadelphia Phillies,1,1
745778,New York Mets,Boston Red Sox,0,0
747079,Atlanta Braves,Colorado Rockies,0,0
746264,Kansas City Royals,Cleveland Guardians,0,0
746834,Chicago Cubs,Pittsburgh Pirates,0,0
745944,Milwaukee Brewers,St. Louis Cardinals,0,1
744968,Texas Rangers,New York Yankees,0,0
746185,Los Angeles Angels,Los Angeles Dodgers,0,0
745615,Oakland Athletics,Seattle Mariners,1,1
745293,San Francisco Giants,Arizona Diamondbacks,1,1
744887,Toronto Blue Jays,Philadelphia Phillies,1,1
746990,Baltimore Orioles,Chicago White Sox,1,1
746666,Cincinnati Reds,Houston Astros,1,0
746019,Miami Marlins,Washington Nationals,0,0
745045,Tampa Bay Rays,Minnesota Twins,0,0
745776,New York Mets,Boston Red Sox,1,0
747075,Atlanta Braves,Colorado Rockies,1,0
746262,Kansas City Royals,Cleveland Guardians,0,0
746835,Chicago Cubs,Pittsburgh Pirates,1,0
745938,Milwaukee Brewers,St. Louis Cardinals,0,1
744964,Texas Rangers,New York Yankees,1,0
746178,Los Angeles Angels,Los Angeles Dodgers,1,0
745370,San Diego Padres,Detroit Tigers,0,1
745614,Oakland Athletics,Seattle Mariners,1,0
745290,San Francisco Giants,Arizona Diamondbacks,0,1
746664,Cincinnati Reds,Houston Astros,0,0
745042,Tampa Bay Rays,Minnesota Twins,0,0
745612,Oakland Athletics,Seattle Mariners,0,1
745289,San Francisco Giants,Arizona Diamondbacks,0,1
745451,Pittsburgh Pirates,Washington Nationals,0,1
746021,Miami Marlins,Philadelphia Phillies,0,1
747073,Atlanta Braves,Colorado Rockies,1,0
744966,Texas Rangers,Los Angeles Angels,1,0
745369,San Diego Padres,Detroit Tigers,1,0
746832,Chicago Cubs,New York Yankees,0,0
745941,Milwaukee Brewers,Colorado Rockies,0,0
746993,Baltimore Orioles,Tampa Bay Rays,0,0
745777,New York Mets,Cincinnati Reds,1,0
746912,Boston Red Sox,Chicago White Sox,0,0
746016,Miami Marlins,Philadelphia Phillies,0,1
747074,Atlanta Braves,Toronto Blue Jays,0,0
744967,Texas Rangers,Los Angeles Angels,0,0
746343,Houston Astros,Arizona Diamondbacks,0,0
746257,Kansas City Royals,Minnesota Twins,0,0
745131,St. Louis Cardinals,Seattle Mariners,0,0
745611,Oakland Athletics,Detroit Tigers,0,0
745371,San Diego Padres,San Francisco Giants,1,0
746104,Los Angeles Dodgers,Cleveland Guardians,0,0
745455,Pittsburgh Pirates,Washington Nationals,0,0
745456,Pittsburgh Pirates,Washington Nationals,1,0
746829,Chicago Cubs,New York Yankees,0,1
746986,Baltimore Orioles,Tampa Bay Rays,0,1
745613,Oakland Athletics,Detroit Tigers,0,0
746344,Houston Astros,Arizona Diamondbacks,0,0
745775,New York Mets,Cincinnati Reds,0,0
746018,Miami Marlins,Philadelphia Phillies,1,1
744963,Texas Rangers,Los Angeles Angels,0,1
745942,Milwaukee Brewers,Colorado Rockies,1,0
745125,St. Louis Cardinals,Seattle Mariners,0,0
746259,Kansas City Royals,Minnesota Twins,0,0
746911,Boston Red Sox,Chicago White Sox,1,1
747076,Atlanta Braves,Toronto Blue Jays,0,0
745372,San Diego Padres,San Francisco Giants,1,0
746099,Los Angeles Dodgers,Cleveland Guardians,1,0
